
> pharmacy-backend@1.0.0 dev
> nodemon src/server.js

[33m[nodemon] 3.1.11[39m
[33m[nodemon] to restart at any time, enter `rs`[39m
[33m[nodemon] watching path(s): *.*[39m
[33m[nodemon] watching extensions: js,mjs,cjs,json[39m
[32m[nodemon] starting `node src/server.js`[39m
[2026-04-27 22:28:41] [32minfo[39m: MongoDB connected: ac-kqnx0we-shard-00-00.jj9g0kc.mongodb.net
[0;36mMongoose:[0m users.createIndex({ email: [33m1[39m }, { unique: [33mtrue[39m, background: [33mtrue[39m })
[0;36mMongoose:[0m reservations.createIndex({ confirmationCode: [33m1[39m }, { unique: [33mtrue[39m, background: [33mtrue[39m })
[2026-04-27 22:28:42] [31merror[39m: Redis error: getaddrinfo ENOTFOUND your_upstash_redis_url
[2026-04-27 22:28:42] [31merror[39m: Redis connection failed: Connection is closed.
[2026-04-27 22:28:42] [32minfo[39m: [nearExpiry] Job scheduled — daily at 08:00
[2026-04-27 22:28:42] [32minfo[39m: [reservationExpiry] Job scheduled — every 15 minutes
[2026-04-27 22:28:42] [32minfo[39m: Server running on port 5000 in development mode
[2026-04-27 22:28:43] [31merror[39m: Redis error: getaddrinfo ENOTFOUND your_upstash_redis_url
[2026-04-27 22:28:45] [31merror[39m: Redis error: getaddrinfo ENOTFOUND your_upstash_redis_url
[2026-04-27 22:28:46] [31merror[39m: Redis error: getaddrinfo ENOTFOUND your_upstash_redis_url
[2026-04-27 22:28:47] [31merror[39m: Redis error: getaddrinfo ENOTFOUND your_upstash_redis_url
[2026-04-27 22:28:48] [31merror[39m: Redis error: getaddrinfo ENOTFOUND your_upstash_redis_url
[2026-04-27 22:28:50] [31merror[39m: Redis error: getaddrinfo ENOTFOUND your_upstash_redis_url
[2026-04-27 22:28:51] [31merror[39m: Redis error: getaddrinfo ENOTFOUND your_upstash_redis_url
[2026-04-27 22:28:52] [31merror[39m: Redis error: getaddrinfo ENOTFOUND your_upstash_redis_url
[2026-04-27 22:28:54] [31merror[39m: Redis error: getaddrinfo ENOTFOUND your_upstash_redis_url
[2026-04-27 22:28:55] [31merror[39m: Redis error: getaddrinfo ENOTFOUND your_upstash_redis_url
[0mGET /health [32m200[0m 8.026 ms - 82[0m
[2026-04-27 22:28:57] [31merror[39m: Redis error: getaddrinfo ENOTFOUND your_upstash_redis_url
[2026-04-27 22:28:59] [31merror[39m: Redis error: getaddrinfo ENOTFOUND your_upstash_redis_url
[2026-04-27 22:29:00] [31merror[39m: Redis error: getaddrinfo ENOTFOUND your_upstash_redis_url
[2026-04-27 22:29:02] [31merror[39m: Redis error: getaddrinfo ENOTFOUND your_upstash_redis_url
[32m[nodemon] restarting due to changes...[39m
[32m[nodemon] starting `node src/server.js`[39m
[2026-04-27 22:29:08] [32minfo[39m: MongoDB connected: ac-kqnx0we-shard-00-01.jj9g0kc.mongodb.net
[2026-04-27 22:29:08] [33mwarn[39m: REDIS_URL not set - Redis disabled
[2026-04-27 22:29:08] [32minfo[39m: [nearExpiry] Job scheduled — daily at 08:00
[2026-04-27 22:29:08] [32minfo[39m: [reservationExpiry] Job scheduled — every 15 minutes
[2026-04-27 22:29:08] [32minfo[39m: Server running on port 5000 in development mode
[0;36mMongoose:[0m users.createIndex({ email: [33m1[39m }, { unique: [33mtrue[39m, background: [33mtrue[39m })
[0;36mMongoose:[0m reservations.createIndex({ confirmationCode: [33m1[39m }, { unique: [33mtrue[39m, background: [33mtrue[39m })
[32m[nodemon] restarting due to changes...[39m
[32m[nodemon] starting `node src/server.js`[39m
[2026-04-27 22:29:17] [32minfo[39m: MongoDB connected: ac-kqnx0we-shard-00-02.jj9g0kc.mongodb.net
[2026-04-27 22:29:17] [33mwarn[39m: REDIS_URL not set - Redis disabled
[2026-04-27 22:29:17] [32minfo[39m: [nearExpiry] Job scheduled — daily at 08:00
[2026-04-27 22:29:17] [32minfo[39m: [reservationExpiry] Job scheduled — every 15 minutes
[2026-04-27 22:29:17] [32minfo[39m: Server running on port 5000 in development mode
[0;36mMongoose:[0m users.createIndex({ email: [33m1[39m }, { unique: [33mtrue[39m, background: [33mtrue[39m })
[0;36mMongoose:[0m reservations.createIndex({ confirmationCode: [33m1[39m }, { unique: [33mtrue[39m, background: [33mtrue[39m })
[0mGET /health [32m200[0m 4.602 ms - 82[0m
[0;36mMongoose:[0m reservations.find({ status: { [32m'$in'[39m: [ [32m'pending'[39m, [32m'confirmed'[39m ] }, expiresAt: { [32m'$lt'[39m: new Date("Mon, 27 Apr 2026 20:30:00 GMT") }}, {})
[31m[nodemon] app crashed - waiting for file changes before starting...[39m
[32m[nodemon] restarting due to changes...[39m
[32m[nodemon] starting `node src/server.js`[39m
[32m[nodemon] restarting due to changes...[39m
[32m[nodemon] restarting due to changes...[39m
[32m[nodemon] starting `node src/server.js`[39m
[32m[nodemon] restarting due to changes...[39m
[32m[nodemon] restarting due to changes...[39m
[32m[nodemon] restarting due to changes...[39m
[32m[nodemon] starting `node src/server.js`[39m
[32m[nodemon] restarting due to changes...[39m
[32m[nodemon] starting `node src/server.js`[39m
[2026-04-27 22:43:17] [32minfo[39m: MongoDB connected: ac-kqnx0we-shard-00-00.jj9g0kc.mongodb.net
[2026-04-27 22:43:17] [33mwarn[39m: REDIS_URL not set - Redis disabled
[2026-04-27 22:43:17] [32minfo[39m: [nearExpiry] Job scheduled — daily at 08:00
[2026-04-27 22:43:17] [32minfo[39m: [reservationExpiry] Job scheduled — every 15 minutes
[2026-04-27 22:43:17] [32minfo[39m: Server running on port 5000 in development mode
[0;36mMongoose:[0m users.createIndex({ email: [33m1[39m }, { unique: [33mtrue[39m, background: [33mtrue[39m })
[0;36mMongoose:[0m reservations.createIndex({ confirmationCode: [33m1[39m }, { unique: [33mtrue[39m, background: [33mtrue[39m })
[32m[nodemon] restarting due to changes...[39m
[32m[nodemon] restarting due to changes...[39m
[32m[nodemon] restarting due to changes...[39m
[32m[nodemon] restarting due to changes...[39m
[32m[nodemon] restarting due to changes...[39m
[32m[nodemon] starting `node src/server.js`[39m
[32m[nodemon] restarting due to changes...[39m
[32m[nodemon] restarting due to changes...[39m
[32m[nodemon] restarting due to changes...[39m
[32m[nodemon] restarting due to changes...[39m
[32m[nodemon] starting `node src/server.js`[39m
[32m[nodemon] restarting due to changes...[39m
[32m[nodemon] restarting due to changes...[39m
[32m[nodemon] restarting due to changes...[39m
[32m[nodemon] restarting due to changes...[39m
[32m[nodemon] starting `node src/server.js`[39m
[2026-04-27 22:43:32] [32minfo[39m: MongoDB connected: ac-kqnx0we-shard-00-01.jj9g0kc.mongodb.net
[2026-04-27 22:43:32] [33mwarn[39m: REDIS_URL not set - Redis disabled
[2026-04-27 22:43:32] [32minfo[39m: [nearExpiry] Job scheduled — daily at 08:00
[2026-04-27 22:43:32] [32minfo[39m: [reservationExpiry] Job scheduled — every 15 minutes
[2026-04-27 22:43:32] [32minfo[39m: Server running on port 5000 in development mode
[0;36mMongoose:[0m users.createIndex({ email: [33m1[39m }, { unique: [33mtrue[39m, background: [33mtrue[39m })
[0;36mMongoose:[0m reservations.createIndex({ confirmationCode: [33m1[39m }, { unique: [33mtrue[39m, background: [33mtrue[39m })
[0mGET /health [32m200[0m 8.072 ms - 82[0m
[2026-04-27 22:44:22] [31merror[39m: 401 - No token provided - GET /api/medicines
[0mGET /api/medicines [33m401[0m 8.062 ms - 47[0m
[2026-04-27 22:44:34] [31merror[39m: 401 - No token provided - GET /api/medicines
[0mGET /api/medicines [33m401[0m 4.251 ms - 47[0m
[0;36mMongoose:[0m reservations.find({ status: { [32m'$in'[39m: [ [32m'pending'[39m, [32m'confirmed'[39m ] }, expiresAt: { [32m'$lt'[39m: new Date("Mon, 27 Apr 2026 20:45:00 GMT") }}, {})
[2026-04-27 22:45:22] [31merror[39m: 403 - Access denied - required role: pharmacist - GET /api/audit-logs
[0mGET /api/audit-logs [33m403[0m 6.264 ms - 71[0m
[2026-04-27 22:45:22] [31merror[39m: 400 - Validation failed - POST /api/medicines
[0mPOST /api/medicines [33m400[0m 5.275 ms - 138[0m
[32m[nodemon] restarting due to changes...[39m
[32m[nodemon] restarting due to changes...[39m
[32m[nodemon] restarting due to changes...[39m
[32m[nodemon] restarting due to changes...[39m
[32m[nodemon] starting `node src/server.js`[39m
[2026-04-27 22:45:50] [32minfo[39m: MongoDB connected: ac-kqnx0we-shard-00-00.jj9g0kc.mongodb.net
[2026-04-27 22:45:50] [33mwarn[39m: REDIS_URL not set - Redis disabled
[2026-04-27 22:45:50] [32minfo[39m: [nearExpiry] Job scheduled — daily at 08:00
[2026-04-27 22:45:50] [32minfo[39m: [reservationExpiry] Job scheduled — every 15 minutes
[2026-04-27 22:45:50] [32minfo[39m: Server running on port 5000 in development mode
[0;36mMongoose:[0m users.createIndex({ email: [33m1[39m }, { unique: [33mtrue[39m, background: [33mtrue[39m })
[0;36mMongoose:[0m reservations.createIndex({ confirmationCode: [33m1[39m }, { unique: [33mtrue[39m, background: [33mtrue[39m })
[0mGET /health [32m200[0m 11.623 ms - 82[0m
[31m[nodemon] app crashed - waiting for file changes before starting...[39m
[32m[nodemon] restarting due to changes...[39m
[32m[nodemon] starting `node src/server.js`[39m
[32m[nodemon] restarting due to changes...[39m
[32m[nodemon] restarting due to changes...[39m
[32m[nodemon] starting `node src/server.js`[39m
[32m[nodemon] restarting due to changes...[39m
[32m[nodemon] restarting due to changes...[39m
[32m[nodemon] restarting due to changes...[39m
[32m[nodemon] starting `node src/server.js`[39m
[2026-04-27 22:54:27] [32minfo[39m: MongoDB connected: ac-kqnx0we-shard-00-00.jj9g0kc.mongodb.net
[2026-04-27 22:54:27] [33mwarn[39m: REDIS_URL not set - Redis disabled
[2026-04-27 22:54:27] [32minfo[39m: [nearExpiry] Job scheduled — daily at 08:00
[2026-04-27 22:54:27] [32minfo[39m: [reservationExpiry] Job scheduled — every 15 minutes
[2026-04-27 22:54:27] [32minfo[39m: Server running on port 5000 in development mode
[0;36mMongoose:[0m users.createIndex({ pharmacyId: [33m1[39m }, { background: [33mtrue[39m })
[0;36mMongoose:[0m reservations.createIndex({ confirmationCode: [33m1[39m }, { unique: [33mtrue[39m, background: [33mtrue[39m })
[0;36mMongoose:[0m medicines.createIndex({ pharmacyId: [33m1[39m }, { background: [33mtrue[39m })
[0;36mMongoose:[0m users.createIndex({ pharmacyId: [33m1[39m, email: [33m1[39m }, { unique: [33mtrue[39m, background: [33mtrue[39m })
[0;36mMongoose:[0m batches.createIndex({ pharmacyId: [33m1[39m }, { background: [33mtrue[39m })
[0;36mMongoose:[0m users.createIndex({ pharmacyId: [33m1[39m, role: [33m1[39m }, { background: [33mtrue[39m })
[0;36mMongoose:[0m batches.createIndex({ pharmacyId: [33m1[39m, medicineId: [33m1[39m, batchNumber: [33m1[39m }, { unique: [33mtrue[39m, background: [33mtrue[39m })
[0;36mMongoose:[0m batches.createIndex({ pharmacyId: [33m1[39m, medicineId: [33m1[39m, expiryDate: [33m1[39m }, { background: [33mtrue[39m })
[0;36mMongoose:[0m batches.createIndex({ pharmacyId: [33m1[39m, expiryDate: [33m1[39m, isActive: [33m1[39m }, { background: [33mtrue[39m })
[0;36mMongoose:[0m batches.createIndex({ pharmacyId: [33m1[39m, remainingQty: [33m1[39m }, { background: [33mtrue[39m })
[0;36mMongoose:[0m medicines.createIndex({ pharmacyId: [33m1[39m, name: [33m1[39m }, { background: [33mtrue[39m })
[0;36mMongoose:[0m medicines.createIndex({ pharmacyId: [33m1[39m, isActive: [33m1[39m }, { background: [33mtrue[39m })
[0;36mMongoose:[0m medicines.createIndex({ pharmacyId: [33m1[39m, category: [33m1[39m }, { background: [33mtrue[39m })
[0;36mMongoose:[0m medicines.createIndex({ name: [32m'text'[39m, genericName: [32m'text'[39m }, { weights: { name: [33m10[39m, genericName: [33m5[39m }, background: [33mtrue[39m })
[32m[nodemon] restarting due to changes...[39m
[32m[nodemon] restarting due to changes...[39m
[32m[nodemon] starting `node src/server.js`[39m
[32m[nodemon] restarting due to changes...[39m
[32m[nodemon] starting `node src/server.js`[39m
[2026-04-27 22:55:19] [32minfo[39m: MongoDB connected: ac-kqnx0we-shard-00-01.jj9g0kc.mongodb.net
[2026-04-27 22:55:19] [33mwarn[39m: REDIS_URL not set - Redis disabled
[2026-04-27 22:55:19] [32minfo[39m: [nearExpiry] Job scheduled — daily at 08:00
[2026-04-27 22:55:19] [32minfo[39m: [reservationExpiry] Job scheduled — every 15 minutes
[2026-04-27 22:55:19] [32minfo[39m: Server running on port 5000 in development mode
[0;36mMongoose:[0m users.createIndex({ pharmacyId: [33m1[39m }, { background: [33mtrue[39m })
[0;36mMongoose:[0m orders.createIndex({ pharmacyId: [33m1[39m }, { background: [33mtrue[39m })
[0;36mMongoose:[0m sales.createIndex({ pharmacyId: [33m1[39m }, { background: [33mtrue[39m })
[0;36mMongoose:[0m reservations.createIndex({ pharmacyId: [33m1[39m }, { background: [33mtrue[39m })
[0;36mMongoose:[0m medicines.createIndex({ pharmacyId: [33m1[39m }, { background: [33mtrue[39m })
[0;36mMongoose:[0m orders.createIndex({ pharmacyId: [33m1[39m, status: [33m1[39m }, { background: [33mtrue[39m })
[0;36mMongoose:[0m batches.createIndex({ pharmacyId: [33m1[39m }, { background: [33mtrue[39m })
[0;36mMongoose:[0m sales.createIndex({ pharmacyId: [33m1[39m, cashierId: [33m1[39m }, { background: [33mtrue[39m })
[0;36mMongoose:[0m batches.createIndex({ pharmacyId: [33m1[39m, medicineId: [33m1[39m, batchNumber: [33m1[39m }, { unique: [33mtrue[39m, background: [33mtrue[39m })
[0;36mMongoose:[0m medicines.createIndex({ pharmacyId: [33m1[39m, name: [33m1[39m }, { background: [33mtrue[39m })
[0;36mMongoose:[0m orders.createIndex({ pharmacyId: [33m1[39m, supplierId: [33m1[39m }, { background: [33mtrue[39m })
[0;36mMongoose:[0m sales.createIndex({ pharmacyId: [33m1[39m, createdAt: [33m-1[39m }, { background: [33mtrue[39m })
[0;36mMongoose:[0m batches.createIndex({ pharmacyId: [33m1[39m, medicineId: [33m1[39m, expiryDate: [33m1[39m }, { background: [33mtrue[39m })
[0;36mMongoose:[0m medicines.createIndex({ pharmacyId: [33m1[39m, isActive: [33m1[39m }, { background: [33mtrue[39m })
[0;36mMongoose:[0m orders.createIndex({ pharmacyId: [33m1[39m, createdAt: [33m-1[39m }, { background: [33mtrue[39m })
[0;36mMongoose:[0m sales.createIndex({ pharmacyId: [33m1[39m, approvalStatus: [33m1[39m }, { background: [33mtrue[39m })
[0;36mMongoose:[0m batches.createIndex({ pharmacyId: [33m1[39m, expiryDate: [33m1[39m, isActive: [33m1[39m }, { background: [33mtrue[39m })
[0;36mMongoose:[0m users.createIndex({ pharmacyId: [33m1[39m, email: [33m1[39m }, { unique: [33mtrue[39m, background: [33mtrue[39m })
[0;36mMongoose:[0m reservations.createIndex({ confirmationCode: [33m1[39m }, { unique: [33mtrue[39m, background: [33mtrue[39m })
[0;36mMongoose:[0m sales.createIndex({ [32m'invoice.receiptNumber'[39m: [33m1[39m }, { unique: [33mtrue[39m, background: [33mtrue[39m })
[0;36mMongoose:[0m batches.createIndex({ pharmacyId: [33m1[39m, remainingQty: [33m1[39m }, { background: [33mtrue[39m })
[0;36mMongoose:[0m users.createIndex({ pharmacyId: [33m1[39m, role: [33m1[39m }, { background: [33mtrue[39m })
[0;36mMongoose:[0m reservations.createIndex({ confirmationCode: [33m1[39m }, { background: [33mtrue[39m })
[0;36mMongoose:[0m reservations.createIndex({ pharmacyId: [33m1[39m, status: [33m1[39m }, { background: [33mtrue[39m })
[0;36mMongoose:[0m reservations.createIndex({ pharmacyId: [33m1[39m, expiresAt: [33m1[39m, status: [33m1[39m }, { background: [33mtrue[39m })
[0;36mMongoose:[0m reservations.createIndex({ pharmacyId: [33m1[39m, createdAt: [33m-1[39m }, { background: [33mtrue[39m })
[0;36mMongoose:[0m medicines.createIndex({ pharmacyId: [33m1[39m, category: [33m1[39m }, { background: [33mtrue[39m })
[0;36mMongoose:[0m medicines.createIndex({ name: [32m'text'[39m, genericName: [32m'text'[39m }, { weights: { name: [33m10[39m, genericName: [33m5[39m }, background: [33mtrue[39m })
[32m[nodemon] restarting due to changes...[39m
[32m[nodemon] restarting due to changes...[39m
[32m[nodemon] restarting due to changes...[39m
[32m[nodemon] starting `node src/server.js`[39m
[32m[nodemon] restarting due to changes...[39m
[32m[nodemon] restarting due to changes...[39m
[32m[nodemon] starting `node src/server.js`[39m
[2026-04-27 22:56:05] [32minfo[39m: MongoDB connected: ac-kqnx0we-shard-00-01.jj9g0kc.mongodb.net
[2026-04-27 22:56:05] [33mwarn[39m: REDIS_URL not set - Redis disabled
[2026-04-27 22:56:05] [32minfo[39m: [nearExpiry] Job scheduled — daily at 08:00
[2026-04-27 22:56:05] [32minfo[39m: [reservationExpiry] Job scheduled — every 15 minutes
[2026-04-27 22:56:05] [31merror[39m: Uncaught Exception: listen EADDRINUSE: address already in use :::5000
[31m[nodemon] app crashed - waiting for file changes before starting...[39m
[32m[nodemon] restarting due to changes...[39m
[32m[nodemon] starting `node src/server.js`[39m
[2026-04-27 22:58:29] [32minfo[39m: MongoDB connected: ac-kqnx0we-shard-00-00.jj9g0kc.mongodb.net
[2026-04-27 22:58:29] [33mwarn[39m: REDIS_URL not set - Redis disabled
[2026-04-27 22:58:29] [32minfo[39m: [nearExpiry] Job scheduled — daily at 08:00
[2026-04-27 22:58:29] [32minfo[39m: [reservationExpiry] Job scheduled — every 15 minutes
[2026-04-27 22:58:29] [32minfo[39m: Server running on port 5000 in development mode
[0;36mMongoose:[0m users.createIndex({ pharmacyId: [33m1[39m }, { background: [33mtrue[39m })
[0;36mMongoose:[0m auditlogs.createIndex({ pharmacyId: [33m1[39m }, { background: [33mtrue[39m })
[0;36mMongoose:[0m orders.createIndex({ pharmacyId: [33m1[39m }, { background: [33mtrue[39m })
[0;36mMongoose:[0m sales.createIndex({ pharmacyId: [33m1[39m }, { background: [33mtrue[39m })
[0;36mMongoose:[0m reservations.createIndex({ pharmacyId: [33m1[39m }, { background: [33mtrue[39m })
[0;36mMongoose:[0m deliveries.createIndex({ pharmacyId: [33m1[39m }, { background: [33mtrue[39m })
[0;36mMongoose:[0m batches.createIndex({ pharmacyId: [33m1[39m }, { background: [33mtrue[39m })
[0;36mMongoose:[0m users.createIndex({ pharmacyId: [33m1[39m, email: [33m1[39m }, { unique: [33mtrue[39m, background: [33mtrue[39m })
[0;36mMongoose:[0m medicines.createIndex({ pharmacyId: [33m1[39m }, { background: [33mtrue[39m })
[0;36mMongoose:[0m orders.createIndex({ pharmacyId: [33m1[39m, status: [33m1[39m }, { background: [33mtrue[39m })
[0;36mMongoose:[0m reservations.createIndex({ confirmationCode: [33m1[39m }, { unique: [33mtrue[39m, background: [33mtrue[39m })
[0;36mMongoose:[0m sales.createIndex({ pharmacyId: [33m1[39m, cashierId: [33m1[39m }, { background: [33mtrue[39m })
[0;36mMongoose:[0m deliveries.createIndex({ pharmacyId: [33m1[39m, supplierId: [33m1[39m }, { background: [33mtrue[39m })
[0;36mMongoose:[0m batches.createIndex({ pharmacyId: [33m1[39m, medicineId: [33m1[39m, batchNumber: [33m1[39m }, { unique: [33mtrue[39m, background: [33mtrue[39m })
[0;36mMongoose:[0m users.createIndex({ pharmacyId: [33m1[39m, role: [33m1[39m }, { background: [33mtrue[39m })
[0;36mMongoose:[0m medicines.createIndex({ pharmacyId: [33m1[39m, name: [33m1[39m }, { background: [33mtrue[39m })
[0;36mMongoose:[0m orders.createIndex({ pharmacyId: [33m1[39m, supplierId: [33m1[39m }, { background: [33mtrue[39m })
[0;36mMongoose:[0m reservations.createIndex({ pharmacyId: [33m1[39m, status: [33m1[39m }, { background: [33mtrue[39m })
[0;36mMongoose:[0m sales.createIndex({ pharmacyId: [33m1[39m, createdAt: [33m-1[39m }, { background: [33mtrue[39m })
[0;36mMongoose:[0m deliveries.createIndex({ pharmacyId: [33m1[39m, deliveryDate: [33m-1[39m }, { background: [33mtrue[39m })
[0;36mMongoose:[0m suppliers.createIndex({ pharmacyId: [33m1[39m }, { background: [33mtrue[39m })
[0;36mMongoose:[0m batches.createIndex({ pharmacyId: [33m1[39m, medicineId: [33m1[39m, expiryDate: [33m1[39m }, { background: [33mtrue[39m })
[0;36mMongoose:[0m medicines.createIndex({ pharmacyId: [33m1[39m, isActive: [33m1[39m }, { background: [33mtrue[39m })
[0;36mMongoose:[0m orders.createIndex({ pharmacyId: [33m1[39m, createdAt: [33m-1[39m }, { background: [33mtrue[39m })
[0;36mMongoose:[0m auditlogs.createIndex({ pharmacyId: [33m1[39m, createdAt: [33m-1[39m }, { background: [33mtrue[39m })
[0;36mMongoose:[0m sales.createIndex({ pharmacyId: [33m1[39m, approvalStatus: [33m1[39m }, { background: [33mtrue[39m })
[0;36mMongoose:[0m suppliers.createIndex({ pharmacyId: [33m1[39m, name: [33m1[39m }, { unique: [33mtrue[39m, background: [33mtrue[39m })
[0;36mMongoose:[0m batches.createIndex({ pharmacyId: [33m1[39m, expiryDate: [33m1[39m, isActive: [33m1[39m }, { background: [33mtrue[39m })
[0;36mMongoose:[0m medicines.createIndex({ pharmacyId: [33m1[39m, category: [33m1[39m }, { background: [33mtrue[39m })
[0;36mMongoose:[0m auditlogs.createIndex({ pharmacyId: [33m1[39m, userId: [33m1[39m }, { background: [33mtrue[39m })
[0;36mMongoose:[0m sales.createIndex({ [32m'invoice.receiptNumber'[39m: [33m1[39m }, { unique: [33mtrue[39m, background: [33mtrue[39m })
[0;36mMongoose:[0m suppliers.createIndex({ pharmacyId: [33m1[39m, type: [33m1[39m }, { background: [33mtrue[39m })
[0;36mMongoose:[0m medicines.createIndex({ name: [32m'text'[39m, genericName: [32m'text'[39m }, { weights: { name: [33m10[39m, genericName: [33m5[39m }, background: [33mtrue[39m })
[0;36mMongoose:[0m batches.createIndex({ pharmacyId: [33m1[39m, remainingQty: [33m1[39m }, { background: [33mtrue[39m })
[0;36mMongoose:[0m auditlogs.createIndex({ pharmacyId: [33m1[39m, action: [33m1[39m }, { background: [33mtrue[39m })
[0;36mMongoose:[0m suppliers.createIndex({ pharmacyId: [33m1[39m, isActive: [33m1[39m }, { background: [33mtrue[39m })
[0;36mMongoose:[0m auditlogs.createIndex({ pharmacyId: [33m1[39m, entity: [33m1[39m }, { background: [33mtrue[39m })
[0;36mMongoose:[0m auditlogs.createIndex({ createdAt: [33m1[39m }, { expireAfterSeconds: [33m157680000[39m, background: [33mtrue[39m })
[0;36mMongoose:[0m reservations.createIndex({ pharmacyId: [33m1[39m, expiresAt: [33m1[39m, status: [33m1[39m }, { background: [33mtrue[39m })
[0;36mMongoose:[0m reservations.createIndex({ pharmacyId: [33m1[39m, createdAt: [33m-1[39m }, { background: [33mtrue[39m })
[0mGET /health [32m200[0m 11.400 ms - 82[0m
[0;36mMongoose:[0m reservations.find({ status: { [32m'$in'[39m: [ [32m'pending'[39m, [32m'confirmed'[39m ] }, expiresAt: { [32m'$lt'[39m: new Date("Mon, 27 Apr 2026 21:00:00 GMT") }}, {})
[0mGET /health [32m200[0m 2.086 ms - 82[0m
[32m[nodemon] restarting due to changes...[39m
[32m[nodemon] starting `node src/server.js`[39m
[31m[nodemon] app crashed - waiting for file changes before starting...[39m
[32m[nodemon] restarting due to changes...[39m
[32m[nodemon] starting `node src/server.js`[39m
[32m[nodemon] restarting due to changes...[39m
[32m[nodemon] starting `node src/server.js`[39m
[31m[nodemon] app crashed - waiting for file changes before starting...[39m
[32m[nodemon] restarting due to changes...[39m
[32m[nodemon] starting `node src/server.js`[39m
[2026-04-27 23:08:24] [32minfo[39m: MongoDB connected: ac-kqnx0we-shard-00-01.jj9g0kc.mongodb.net
[2026-04-27 23:08:24] [33mwarn[39m: REDIS_URL not set - Redis disabled
[2026-04-27 23:08:24] [32minfo[39m: [nearExpiry] Job scheduled — daily at 08:00
[2026-04-27 23:08:24] [32minfo[39m: [reservationExpiry] Job scheduled — every 15 minutes
[2026-04-27 23:08:24] [32minfo[39m: Server running on port 5000 in development mode
[0;36mMongoose:[0m users.createIndex({ pharmacyId: [33m1[39m }, { background: [33mtrue[39m })
[0;36mMongoose:[0m auditlogs.createIndex({ pharmacyId: [33m1[39m }, { background: [33mtrue[39m })
[0;36mMongoose:[0m orders.createIndex({ pharmacyId: [33m1[39m }, { background: [33mtrue[39m })
[0;36mMongoose:[0m sales.createIndex({ pharmacyId: [33m1[39m }, { background: [33mtrue[39m })
[0;36mMongoose:[0m reservations.createIndex({ pharmacyId: [33m1[39m }, { background: [33mtrue[39m })
[0;36mMongoose:[0m deliveries.createIndex({ pharmacyId: [33m1[39m }, { background: [33mtrue[39m })
[0;36mMongoose:[0m medicines.createIndex({ pharmacyId: [33m1[39m }, { background: [33mtrue[39m })
[0;36mMongoose:[0m users.createIndex({ pharmacyId: [33m1[39m, email: [33m1[39m }, { unique: [33mtrue[39m, background: [33mtrue[39m })
[0;36mMongoose:[0m batches.createIndex({ pharmacyId: [33m1[39m }, { background: [33mtrue[39m })
[0;36mMongoose:[0m orders.createIndex({ pharmacyId: [33m1[39m, status: [33m1[39m }, { background: [33mtrue[39m })
[0;36mMongoose:[0m sales.createIndex({ pharmacyId: [33m1[39m, cashierId: [33m1[39m }, { background: [33mtrue[39m })
[0;36mMongoose:[0m reservations.createIndex({ confirmationCode: [33m1[39m }, { unique: [33mtrue[39m, background: [33mtrue[39m })
[0;36mMongoose:[0m deliveries.createIndex({ pharmacyId: [33m1[39m, supplierId: [33m1[39m }, { background: [33mtrue[39m })
[0;36mMongoose:[0m medicines.createIndex({ pharmacyId: [33m1[39m, name: [33m1[39m }, { background: [33mtrue[39m })
[0;36mMongoose:[0m users.createIndex({ pharmacyId: [33m1[39m, role: [33m1[39m }, { background: [33mtrue[39m })
[0;36mMongoose:[0m batches.createIndex({ pharmacyId: [33m1[39m, medicineId: [33m1[39m, batchNumber: [33m1[39m }, { unique: [33mtrue[39m, background: [33mtrue[39m })
[0;36mMongoose:[0m orders.createIndex({ pharmacyId: [33m1[39m, supplierId: [33m1[39m }, { background: [33mtrue[39m })
[0;36mMongoose:[0m sales.createIndex({ pharmacyId: [33m1[39m, createdAt: [33m-1[39m }, { background: [33mtrue[39m })
[0;36mMongoose:[0m reservations.createIndex({ pharmacyId: [33m1[39m, status: [33m1[39m }, { background: [33mtrue[39m })
[0;36mMongoose:[0m deliveries.createIndex({ pharmacyId: [33m1[39m, deliveryDate: [33m-1[39m }, { background: [33mtrue[39m })
[0;36mMongoose:[0m medicines.createIndex({ pharmacyId: [33m1[39m, isActive: [33m1[39m }, { background: [33mtrue[39m })
[0;36mMongoose:[0m batches.createIndex({ pharmacyId: [33m1[39m, medicineId: [33m1[39m, expiryDate: [33m1[39m }, { background: [33mtrue[39m })
[0;36mMongoose:[0m suppliers.createIndex({ pharmacyId: [33m1[39m }, { background: [33mtrue[39m })
[0;36mMongoose:[0m orders.createIndex({ pharmacyId: [33m1[39m, createdAt: [33m-1[39m }, { background: [33mtrue[39m })
[0;36mMongoose:[0m sales.createIndex({ pharmacyId: [33m1[39m, approvalStatus: [33m1[39m }, { background: [33mtrue[39m })
[0;36mMongoose:[0m auditlogs.createIndex({ pharmacyId: [33m1[39m, createdAt: [33m-1[39m }, { background: [33mtrue[39m })
[0;36mMongoose:[0m medicines.createIndex({ pharmacyId: [33m1[39m, category: [33m1[39m }, { background: [33mtrue[39m })
[0;36mMongoose:[0m batches.createIndex({ pharmacyId: [33m1[39m, expiryDate: [33m1[39m, isActive: [33m1[39m }, { background: [33mtrue[39m })
[0;36mMongoose:[0m suppliers.createIndex({ pharmacyId: [33m1[39m, name: [33m1[39m }, { unique: [33mtrue[39m, background: [33mtrue[39m })
[0;36mMongoose:[0m sales.createIndex({ [32m'invoice.receiptNumber'[39m: [33m1[39m }, { unique: [33mtrue[39m, background: [33mtrue[39m })
[0;36mMongoose:[0m auditlogs.createIndex({ pharmacyId: [33m1[39m, userId: [33m1[39m }, { background: [33mtrue[39m })
[0;36mMongoose:[0m medicines.createIndex({ name: [32m'text'[39m, genericName: [32m'text'[39m }, { weights: { name: [33m10[39m, genericName: [33m5[39m }, background: [33mtrue[39m })
[0;36mMongoose:[0m batches.createIndex({ pharmacyId: [33m1[39m, remainingQty: [33m1[39m }, { background: [33mtrue[39m })
[0;36mMongoose:[0m suppliers.createIndex({ pharmacyId: [33m1[39m, type: [33m1[39m }, { background: [33mtrue[39m })
[0;36mMongoose:[0m auditlogs.createIndex({ pharmacyId: [33m1[39m, action: [33m1[39m }, { background: [33mtrue[39m })
[0;36mMongoose:[0m suppliers.createIndex({ pharmacyId: [33m1[39m, isActive: [33m1[39m }, { background: [33mtrue[39m })
[0;36mMongoose:[0m auditlogs.createIndex({ pharmacyId: [33m1[39m, entity: [33m1[39m }, { background: [33mtrue[39m })
[0;36mMongoose:[0m auditlogs.createIndex({ createdAt: [33m1[39m }, { expireAfterSeconds: [33m157680000[39m, background: [33mtrue[39m })
[0;36mMongoose:[0m reservations.createIndex({ pharmacyId: [33m1[39m, expiresAt: [33m1[39m, status: [33m1[39m }, { background: [33mtrue[39m })
[0;36mMongoose:[0m reservations.createIndex({ pharmacyId: [33m1[39m, createdAt: [33m-1[39m }, { background: [33mtrue[39m })
[32m[nodemon] restarting due to changes...[39m
[32m[nodemon] starting `node src/server.js`[39m
[32m[nodemon] restarting due to changes...[39m
[2026-04-27 23:09:06] [32minfo[39m: MongoDB connected: ac-kqnx0we-shard-00-00.jj9g0kc.mongodb.net
[2026-04-27 23:09:06] [33mwarn[39m: REDIS_URL not set - Redis disabled
[32m[nodemon] starting `node src/server.js`[39m
[31m[nodemon] app crashed - waiting for file changes before starting...[39m
[32m[nodemon] restarting due to changes...[39m
[32m[nodemon] starting `node src/server.js`[39m
[2026-04-27 23:09:37] [32minfo[39m: MongoDB connected: ac-kqnx0we-shard-00-02.jj9g0kc.mongodb.net
[2026-04-27 23:09:37] [33mwarn[39m: REDIS_URL not set - Redis disabled
[2026-04-27 23:09:37] [32minfo[39m: [nearExpiry] Job scheduled — daily at 08:00
[2026-04-27 23:09:37] [32minfo[39m: [reservationExpiry] Job scheduled — every 15 minutes
[2026-04-27 23:09:37] [32minfo[39m: Server running on port 5000 in development mode
[0;36mMongoose:[0m users.createIndex({ pharmacyId: [33m1[39m }, { background: [33mtrue[39m })
[0;36mMongoose:[0m auditlogs.createIndex({ pharmacyId: [33m1[39m }, { background: [33mtrue[39m })
[0;36mMongoose:[0m orders.createIndex({ pharmacyId: [33m1[39m }, { background: [33mtrue[39m })
[0;36mMongoose:[0m sales.createIndex({ pharmacyId: [33m1[39m }, { background: [33mtrue[39m })
[0;36mMongoose:[0m reservations.createIndex({ pharmacyId: [33m1[39m }, { background: [33mtrue[39m })
[0;36mMongoose:[0m deliveries.createIndex({ pharmacyId: [33m1[39m }, { background: [33mtrue[39m })
[0;36mMongoose:[0m batches.createIndex({ pharmacyId: [33m1[39m }, { background: [33mtrue[39m })
[0;36mMongoose:[0m medicines.createIndex({ pharmacyId: [33m1[39m }, { background: [33mtrue[39m })
[0;36mMongoose:[0m parapharmacyproducts.createIndex({ pharmacyId: [33m1[39m }, { background: [33mtrue[39m })
[0;36mMongoose:[0m auditlogs.createIndex({ pharmacyId: [33m1[39m, createdAt: [33m-1[39m }, { background: [33mtrue[39m })
[0;36mMongoose:[0m orders.createIndex({ pharmacyId: [33m1[39m, status: [33m1[39m }, { background: [33mtrue[39m })
[0;36mMongoose:[0m sales.createIndex({ pharmacyId: [33m1[39m, cashierId: [33m1[39m }, { background: [33mtrue[39m })
[0;36mMongoose:[0m reservations.createIndex({ confirmationCode: [33m1[39m }, { unique: [33mtrue[39m, background: [33mtrue[39m })
[0;36mMongoose:[0m deliveries.createIndex({ pharmacyId: [33m1[39m, supplierId: [33m1[39m }, { background: [33mtrue[39m })
[0;36mMongoose:[0m batches.createIndex({ pharmacyId: [33m1[39m, medicineId: [33m1[39m, batchNumber: [33m1[39m }, { unique: [33mtrue[39m, background: [33mtrue[39m })
[0;36mMongoose:[0m medicines.createIndex({ pharmacyId: [33m1[39m, name: [33m1[39m }, { background: [33mtrue[39m })
[0;36mMongoose:[0m auditlogs.createIndex({ pharmacyId: [33m1[39m, userId: [33m1[39m }, { background: [33mtrue[39m })
[0;36mMongoose:[0m parapharmacyproducts.createIndex({ pharmacyId: [33m1[39m, name: [33m1[39m }, { background: [33mtrue[39m })
[0;36mMongoose:[0m orders.createIndex({ pharmacyId: [33m1[39m, supplierId: [33m1[39m }, { background: [33mtrue[39m })
[0;36mMongoose:[0m sales.createIndex({ pharmacyId: [33m1[39m, createdAt: [33m-1[39m }, { background: [33mtrue[39m })
[0;36mMongoose:[0m reservations.createIndex({ pharmacyId: [33m1[39m, status: [33m1[39m }, { background: [33mtrue[39m })
[0;36mMongoose:[0m deliveries.createIndex({ pharmacyId: [33m1[39m, deliveryDate: [33m-1[39m }, { background: [33mtrue[39m })
[0;36mMongoose:[0m batches.createIndex({ pharmacyId: [33m1[39m, medicineId: [33m1[39m, expiryDate: [33m1[39m }, { background: [33mtrue[39m })
[0;36mMongoose:[0m medicines.createIndex({ pharmacyId: [33m1[39m, isActive: [33m1[39m }, { background: [33mtrue[39m })
[0;36mMongoose:[0m suppliers.createIndex({ pharmacyId: [33m1[39m }, { background: [33mtrue[39m })
[0;36mMongoose:[0m sales.createIndex({ pharmacyId: [33m1[39m, approvalStatus: [33m1[39m }, { background: [33mtrue[39m })
[0;36mMongoose:[0m orders.createIndex({ pharmacyId: [33m1[39m, createdAt: [33m-1[39m }, { background: [33mtrue[39m })
[0;36mMongoose:[0m parapharmacyproducts.createIndex({ pharmacyId: [33m1[39m, isActive: [33m1[39m }, { background: [33mtrue[39m })
[0;36mMongoose:[0m users.createIndex({ pharmacyId: [33m1[39m, email: [33m1[39m }, { unique: [33mtrue[39m, background: [33mtrue[39m })
[0;36mMongoose:[0m batches.createIndex({ pharmacyId: [33m1[39m, expiryDate: [33m1[39m, isActive: [33m1[39m }, { background: [33mtrue[39m })
[0;36mMongoose:[0m suppliers.createIndex({ pharmacyId: [33m1[39m, name: [33m1[39m }, { unique: [33mtrue[39m, background: [33mtrue[39m })
[0;36mMongoose:[0m medicines.createIndex({ pharmacyId: [33m1[39m, category: [33m1[39m }, { background: [33mtrue[39m })
[0;36mMongoose:[0m sales.createIndex({ [32m'invoice.receiptNumber'[39m: [33m1[39m }, { unique: [33mtrue[39m, background: [33mtrue[39m })
[0;36mMongoose:[0m users.createIndex({ pharmacyId: [33m1[39m, role: [33m1[39m }, { background: [33mtrue[39m })
[0;36mMongoose:[0m parapharmacyproducts.createIndex({ pharmacyId: [33m1[39m, category: [33m1[39m }, { background: [33mtrue[39m })
[0;36mMongoose:[0m suppliers.createIndex({ pharmacyId: [33m1[39m, type: [33m1[39m }, { background: [33mtrue[39m })
[0;36mMongoose:[0m batches.createIndex({ pharmacyId: [33m1[39m, remainingQty: [33m1[39m }, { background: [33mtrue[39m })
[0;36mMongoose:[0m medicines.createIndex({ name: [32m'text'[39m, genericName: [32m'text'[39m }, { weights: { name: [33m10[39m, genericName: [33m5[39m }, background: [33mtrue[39m })
[0;36mMongoose:[0m parapharmacyproducts.createIndex({ name: [32m'text'[39m, brand: [32m'text'[39m }, { weights: { name: [33m10[39m, brand: [33m5[39m }, background: [33mtrue[39m })
[0;36mMongoose:[0m suppliers.createIndex({ pharmacyId: [33m1[39m, isActive: [33m1[39m }, { background: [33mtrue[39m })
[0;36mMongoose:[0m auditlogs.createIndex({ pharmacyId: [33m1[39m, action: [33m1[39m }, { background: [33mtrue[39m })
[0;36mMongoose:[0m reservations.createIndex({ pharmacyId: [33m1[39m, expiresAt: [33m1[39m, status: [33m1[39m }, { background: [33mtrue[39m })
[0;36mMongoose:[0m auditlogs.createIndex({ pharmacyId: [33m1[39m, entity: [33m1[39m }, { background: [33mtrue[39m })
[0;36mMongoose:[0m reservations.createIndex({ pharmacyId: [33m1[39m, createdAt: [33m-1[39m }, { background: [33mtrue[39m })
[0;36mMongoose:[0m auditlogs.createIndex({ createdAt: [33m1[39m }, { expireAfterSeconds: [33m157680000[39m, background: [33mtrue[39m })
[32m[nodemon] restarting due to changes...[39m
[32m[nodemon] starting `node src/server.js`[39m
[2026-04-27 23:09:44] [32minfo[39m: MongoDB connected: ac-kqnx0we-shard-00-01.jj9g0kc.mongodb.net
[2026-04-27 23:09:44] [33mwarn[39m: REDIS_URL not set - Redis disabled
[2026-04-27 23:09:44] [32minfo[39m: [nearExpiry] Job scheduled — daily at 08:00
[2026-04-27 23:09:44] [32minfo[39m: [reservationExpiry] Job scheduled — every 15 minutes
[2026-04-27 23:09:44] [32minfo[39m: Server running on port 5000 in development mode
[0;36mMongoose:[0m users.createIndex({ pharmacyId: [33m1[39m }, { background: [33mtrue[39m })
[0;36mMongoose:[0m auditlogs.createIndex({ pharmacyId: [33m1[39m }, { background: [33mtrue[39m })
[0;36mMongoose:[0m orders.createIndex({ pharmacyId: [33m1[39m }, { background: [33mtrue[39m })
[0;36mMongoose:[0m sales.createIndex({ pharmacyId: [33m1[39m }, { background: [33mtrue[39m })
[0;36mMongoose:[0m reservations.createIndex({ pharmacyId: [33m1[39m }, { background: [33mtrue[39m })
[0;36mMongoose:[0m deliveries.createIndex({ pharmacyId: [33m1[39m }, { background: [33mtrue[39m })
[0;36mMongoose:[0m medicines.createIndex({ pharmacyId: [33m1[39m }, { background: [33mtrue[39m })
[0;36mMongoose:[0m batches.createIndex({ pharmacyId: [33m1[39m }, { background: [33mtrue[39m })
[0;36mMongoose:[0m users.createIndex({ pharmacyId: [33m1[39m, email: [33m1[39m }, { unique: [33mtrue[39m, background: [33mtrue[39m })
[0;36mMongoose:[0m auditlogs.createIndex({ pharmacyId: [33m1[39m, createdAt: [33m-1[39m }, { background: [33mtrue[39m })
[0;36mMongoose:[0m orders.createIndex({ pharmacyId: [33m1[39m, status: [33m1[39m }, { background: [33mtrue[39m })
[0;36mMongoose:[0m sales.createIndex({ pharmacyId: [33m1[39m, cashierId: [33m1[39m }, { background: [33mtrue[39m })
[0;36mMongoose:[0m reservations.createIndex({ confirmationCode: [33m1[39m }, { unique: [33mtrue[39m, background: [33mtrue[39m })
[0;36mMongoose:[0m deliveries.createIndex({ pharmacyId: [33m1[39m, supplierId: [33m1[39m }, { background: [33mtrue[39m })
[0;36mMongoose:[0m medicines.createIndex({ pharmacyId: [33m1[39m, name: [33m1[39m }, { background: [33mtrue[39m })
[0;36mMongoose:[0m batches.createIndex({ pharmacyId: [33m1[39m, medicineId: [33m1[39m, batchNumber: [33m1[39m }, { unique: [33mtrue[39m, background: [33mtrue[39m })
[0;36mMongoose:[0m users.createIndex({ pharmacyId: [33m1[39m, role: [33m1[39m }, { background: [33mtrue[39m })
[0;36mMongoose:[0m auditlogs.createIndex({ pharmacyId: [33m1[39m, userId: [33m1[39m }, { background: [33mtrue[39m })
[0;36mMongoose:[0m orders.createIndex({ pharmacyId: [33m1[39m, supplierId: [33m1[39m }, { background: [33mtrue[39m })
[0;36mMongoose:[0m sales.createIndex({ pharmacyId: [33m1[39m, createdAt: [33m-1[39m }, { background: [33mtrue[39m })
[0;36mMongoose:[0m reservations.createIndex({ pharmacyId: [33m1[39m, status: [33m1[39m }, { background: [33mtrue[39m })
[0;36mMongoose:[0m deliveries.createIndex({ pharmacyId: [33m1[39m, deliveryDate: [33m-1[39m }, { background: [33mtrue[39m })
[0;36mMongoose:[0m medicines.createIndex({ pharmacyId: [33m1[39m, isActive: [33m1[39m }, { background: [33mtrue[39m })
[0;36mMongoose:[0m batches.createIndex({ pharmacyId: [33m1[39m, medicineId: [33m1[39m, expiryDate: [33m1[39m }, { background: [33mtrue[39m })
[0;36mMongoose:[0m suppliers.createIndex({ pharmacyId: [33m1[39m }, { background: [33mtrue[39m })
[0;36mMongoose:[0m parapharmacyproducts.createIndex({ pharmacyId: [33m1[39m }, { background: [33mtrue[39m })
[0;36mMongoose:[0m sales.createIndex({ pharmacyId: [33m1[39m, approvalStatus: [33m1[39m }, { background: [33mtrue[39m })
[0;36mMongoose:[0m reservations.createIndex({ pharmacyId: [33m1[39m, expiresAt: [33m1[39m, status: [33m1[39m }, { background: [33mtrue[39m })
[0;36mMongoose:[0m medicines.createIndex({ pharmacyId: [33m1[39m, category: [33m1[39m }, { background: [33mtrue[39m })
[0;36mMongoose:[0m suppliers.createIndex({ pharmacyId: [33m1[39m, name: [33m1[39m }, { unique: [33mtrue[39m, background: [33mtrue[39m })
[0;36mMongoose:[0m parapharmacyproducts.createIndex({ pharmacyId: [33m1[39m, name: [33m1[39m }, { background: [33mtrue[39m })
[0;36mMongoose:[0m batches.createIndex({ pharmacyId: [33m1[39m, expiryDate: [33m1[39m, isActive: [33m1[39m }, { background: [33mtrue[39m })
[0;36mMongoose:[0m sales.createIndex({ [32m'invoice.receiptNumber'[39m: [33m1[39m }, { unique: [33mtrue[39m, background: [33mtrue[39m })
[0;36mMongoose:[0m reservations.createIndex({ pharmacyId: [33m1[39m, createdAt: [33m-1[39m }, { background: [33mtrue[39m })
[0;36mMongoose:[0m medicines.createIndex({ name: [32m'text'[39m, genericName: [32m'text'[39m }, { weights: { name: [33m10[39m, genericName: [33m5[39m }, background: [33mtrue[39m })
[0;36mMongoose:[0m suppliers.createIndex({ pharmacyId: [33m1[39m, type: [33m1[39m }, { background: [33mtrue[39m })
[0;36mMongoose:[0m parapharmacyproducts.createIndex({ pharmacyId: [33m1[39m, isActive: [33m1[39m }, { background: [33mtrue[39m })
[0;36mMongoose:[0m batches.createIndex({ pharmacyId: [33m1[39m, remainingQty: [33m1[39m }, { background: [33mtrue[39m })
[0;36mMongoose:[0m suppliers.createIndex({ pharmacyId: [33m1[39m, isActive: [33m1[39m }, { background: [33mtrue[39m })
[0;36mMongoose:[0m parapharmacyproducts.createIndex({ pharmacyId: [33m1[39m, category: [33m1[39m }, { background: [33mtrue[39m })
[0;36mMongoose:[0m parapharmacyproducts.createIndex({ name: [32m'text'[39m, brand: [32m'text'[39m }, { weights: { name: [33m10[39m, brand: [33m5[39m }, background: [33mtrue[39m })
[0;36mMongoose:[0m orders.createIndex({ pharmacyId: [33m1[39m, createdAt: [33m-1[39m }, { background: [33mtrue[39m })
[0;36mMongoose:[0m auditlogs.createIndex({ pharmacyId: [33m1[39m, action: [33m1[39m }, { background: [33mtrue[39m })
[0;36mMongoose:[0m auditlogs.createIndex({ pharmacyId: [33m1[39m, entity: [33m1[39m }, { background: [33mtrue[39m })
[0;36mMongoose:[0m auditlogs.createIndex({ createdAt: [33m1[39m }, { expireAfterSeconds: [33m157680000[39m, background: [33mtrue[39m })
[0mGET /health [32m200[0m 6.070 ms - 82[0m
[0;36mMongoose:[0m reservations.find({ status: { [32m'$in'[39m: [ [32m'pending'[39m, [32m'confirmed'[39m ] }, expiresAt: { [32m'$lt'[39m: new Date("Mon, 27 Apr 2026 21:15:00 GMT") }}, {})
[0;36mMongoose:[0m medicines.find({ isActive: [33mtrue[39m }, { sort: { name: [33m1[39m } })
[0;36mMongoose:[0m batches.find({ medicineId: { [32m'$in'[39m: [] }, remainingQty: { [32m'$gt'[39m: [33m0[39m }, expiryDate: { [32m'$gt'[39m: new Date("Mon, 27 Apr 2026 21:15:24 GMT") }}, {})
[0mGET /api/reservations/products [32m200[0m 111.267 ms - 34[0m
[0;36mMongoose:[0m medicines.find({ isActive: [33mtrue[39m }, { sort: { name: [33m1[39m } })
[0;36mMongoose:[0m batches.find({ medicineId: { [32m'$in'[39m: [] }, remainingQty: { [32m'$gt'[39m: [33m0[39m }, expiryDate: { [32m'$gt'[39m: new Date("Mon, 27 Apr 2026 21:15:24 GMT") }}, {})
[0mGET /api/reservations/products [36m304[0m 151.374 ms - -[0m
[0;36mMongoose:[0m medicines.find({ isActive: [33mtrue[39m }, { sort: { name: [33m1[39m } })
[0;36mMongoose:[0m batches.find({ medicineId: { [32m'$in'[39m: [] }, remainingQty: { [32m'$gt'[39m: [33m0[39m }, expiryDate: { [32m'$gt'[39m: new Date("Mon, 27 Apr 2026 21:15:34 GMT") }}, {})
[0mGET /api/reservations/products [36m304[0m 143.720 ms - -[0m
[0;36mMongoose:[0m medicines.find({ isActive: [33mtrue[39m }, { sort: { name: [33m1[39m } })
[0;36mMongoose:[0m batches.find({ medicineId: { [32m'$in'[39m: [] }, remainingQty: { [32m'$gt'[39m: [33m0[39m }, expiryDate: { [32m'$gt'[39m: new Date("Mon, 27 Apr 2026 21:15:34 GMT") }}, {})
[0mGET /api/reservations/products [36m304[0m 107.634 ms - -[0m
[32m[nodemon] restarting due to changes...[39m
[32m[nodemon] starting `node src/server.js`[39m
[2026-04-27 23:17:42] [32minfo[39m: MongoDB connected: ac-kqnx0we-shard-00-00.jj9g0kc.mongodb.net
[2026-04-27 23:17:42] [33mwarn[39m: REDIS_URL not set - Redis disabled
[2026-04-27 23:17:42] [32minfo[39m: [nearExpiry] Job scheduled — daily at 08:00
[2026-04-27 23:17:42] [32minfo[39m: [reservationExpiry] Job scheduled — every 15 minutes
[2026-04-27 23:17:42] [32minfo[39m: Server running on port 5000 in development mode
[0;36mMongoose:[0m users.createIndex({ pharmacyId: [33m1[39m }, { background: [33mtrue[39m })
[0;36mMongoose:[0m auditlogs.createIndex({ pharmacyId: [33m1[39m }, { background: [33mtrue[39m })
[0;36mMongoose:[0m orders.createIndex({ pharmacyId: [33m1[39m }, { background: [33mtrue[39m })
[0;36mMongoose:[0m sales.createIndex({ pharmacyId: [33m1[39m }, { background: [33mtrue[39m })
[0;36mMongoose:[0m reservations.createIndex({ pharmacyId: [33m1[39m }, { background: [33mtrue[39m })
[0;36mMongoose:[0m deliveries.createIndex({ pharmacyId: [33m1[39m }, { background: [33mtrue[39m })
[0;36mMongoose:[0m medicines.createIndex({ pharmacyId: [33m1[39m }, { background: [33mtrue[39m })
[0;36mMongoose:[0m parapharmacyproducts.createIndex({ pharmacyId: [33m1[39m }, { background: [33mtrue[39m })
[0;36mMongoose:[0m users.createIndex({ pharmacyId: [33m1[39m, email: [33m1[39m }, { unique: [33mtrue[39m, background: [33mtrue[39m })
[0;36mMongoose:[0m batches.createIndex({ pharmacyId: [33m1[39m }, { background: [33mtrue[39m })
[0;36mMongoose:[0m sales.createIndex({ pharmacyId: [33m1[39m, cashierId: [33m1[39m }, { background: [33mtrue[39m })
[0;36mMongoose:[0m orders.createIndex({ pharmacyId: [33m1[39m, status: [33m1[39m }, { background: [33mtrue[39m })
[0;36mMongoose:[0m reservations.createIndex({ confirmationCode: [33m1[39m }, { unique: [33mtrue[39m, background: [33mtrue[39m })
[0;36mMongoose:[0m deliveries.createIndex({ pharmacyId: [33m1[39m, supplierId: [33m1[39m }, { background: [33mtrue[39m })
[0;36mMongoose:[0m medicines.createIndex({ pharmacyId: [33m1[39m, name: [33m1[39m }, { background: [33mtrue[39m })
[0;36mMongoose:[0m parapharmacyproducts.createIndex({ pharmacyId: [33m1[39m, name: [33m1[39m }, { background: [33mtrue[39m })
[0;36mMongoose:[0m users.createIndex({ pharmacyId: [33m1[39m, role: [33m1[39m }, { background: [33mtrue[39m })
[0;36mMongoose:[0m batches.createIndex({ pharmacyId: [33m1[39m, medicineId: [33m1[39m, batchNumber: [33m1[39m }, { unique: [33mtrue[39m, background: [33mtrue[39m })
[0;36mMongoose:[0m orders.createIndex({ pharmacyId: [33m1[39m, supplierId: [33m1[39m }, { background: [33mtrue[39m })
[0;36mMongoose:[0m sales.createIndex({ pharmacyId: [33m1[39m, createdAt: [33m-1[39m }, { background: [33mtrue[39m })
[0;36mMongoose:[0m reservations.createIndex({ pharmacyId: [33m1[39m, status: [33m1[39m }, { background: [33mtrue[39m })
[0;36mMongoose:[0m deliveries.createIndex({ pharmacyId: [33m1[39m, deliveryDate: [33m-1[39m }, { background: [33mtrue[39m })
[0;36mMongoose:[0m medicines.createIndex({ pharmacyId: [33m1[39m, isActive: [33m1[39m }, { background: [33mtrue[39m })
[0;36mMongoose:[0m suppliers.createIndex({ pharmacyId: [33m1[39m }, { background: [33mtrue[39m })
[0;36mMongoose:[0m auditlogs.createIndex({ pharmacyId: [33m1[39m, createdAt: [33m-1[39m }, { background: [33mtrue[39m })
[0;36mMongoose:[0m batches.createIndex({ pharmacyId: [33m1[39m, medicineId: [33m1[39m, expiryDate: [33m1[39m }, { background: [33mtrue[39m })
[0;36mMongoose:[0m orders.createIndex({ pharmacyId: [33m1[39m, createdAt: [33m-1[39m }, { background: [33mtrue[39m })
[0;36mMongoose:[0m medicines.createIndex({ pharmacyId: [33m1[39m, category: [33m1[39m }, { background: [33mtrue[39m })
[0;36mMongoose:[0m sales.createIndex({ pharmacyId: [33m1[39m, approvalStatus: [33m1[39m }, { background: [33mtrue[39m })
[0;36mMongoose:[0m reservations.createIndex({ pharmacyId: [33m1[39m, expiresAt: [33m1[39m, status: [33m1[39m }, { background: [33mtrue[39m })
[0;36mMongoose:[0m suppliers.createIndex({ pharmacyId: [33m1[39m, name: [33m1[39m }, { unique: [33mtrue[39m, background: [33mtrue[39m })
[0;36mMongoose:[0m auditlogs.createIndex({ pharmacyId: [33m1[39m, userId: [33m1[39m }, { background: [33mtrue[39m })
[0;36mMongoose:[0m batches.createIndex({ pharmacyId: [33m1[39m, expiryDate: [33m1[39m, isActive: [33m1[39m }, { background: [33mtrue[39m })
[0;36mMongoose:[0m medicines.createIndex({ name: [32m'text'[39m, genericName: [32m'text'[39m }, { weights: { name: [33m10[39m, genericName: [33m5[39m }, background: [33mtrue[39m })
[0;36mMongoose:[0m sales.createIndex({ [32m'invoice.receiptNumber'[39m: [33m1[39m }, { unique: [33mtrue[39m, background: [33mtrue[39m })
[0;36mMongoose:[0m reservations.createIndex({ pharmacyId: [33m1[39m, createdAt: [33m-1[39m }, { background: [33mtrue[39m })
[0;36mMongoose:[0m suppliers.createIndex({ pharmacyId: [33m1[39m, type: [33m1[39m }, { background: [33mtrue[39m })
[0;36mMongoose:[0m auditlogs.createIndex({ pharmacyId: [33m1[39m, action: [33m1[39m }, { background: [33mtrue[39m })
[0;36mMongoose:[0m batches.createIndex({ pharmacyId: [33m1[39m, remainingQty: [33m1[39m }, { background: [33mtrue[39m })
[0;36mMongoose:[0m suppliers.createIndex({ pharmacyId: [33m1[39m, isActive: [33m1[39m }, { background: [33mtrue[39m })
[0;36mMongoose:[0m auditlogs.createIndex({ pharmacyId: [33m1[39m, entity: [33m1[39m }, { background: [33mtrue[39m })
[0;36mMongoose:[0m parapharmacyproducts.createIndex({ pharmacyId: [33m1[39m, isActive: [33m1[39m }, { background: [33mtrue[39m })
[0;36mMongoose:[0m auditlogs.createIndex({ createdAt: [33m1[39m }, { expireAfterSeconds: [33m157680000[39m, background: [33mtrue[39m })
[0;36mMongoose:[0m parapharmacyproducts.createIndex({ pharmacyId: [33m1[39m, category: [33m1[39m }, { background: [33mtrue[39m })
[0;36mMongoose:[0m parapharmacyproducts.createIndex({ name: [32m'text'[39m, brand: [32m'text'[39m }, { weights: { name: [33m10[39m, brand: [33m5[39m }, background: [33mtrue[39m })
[32m[nodemon] restarting due to changes...[39m
[32m[nodemon] starting `node src/server.js`[39m
[2026-04-27 23:17:49] [32minfo[39m: MongoDB connected: ac-kqnx0we-shard-00-02.jj9g0kc.mongodb.net
[2026-04-27 23:17:49] [33mwarn[39m: REDIS_URL not set - Redis disabled
[2026-04-27 23:17:49] [32minfo[39m: [nearExpiry] Job scheduled — daily at 08:00
[2026-04-27 23:17:49] [32minfo[39m: [reservationExpiry] Job scheduled — every 15 minutes
[2026-04-27 23:17:49] [31merror[39m: Uncaught Exception: listen EADDRINUSE: address already in use :::5000
[31m[nodemon] app crashed - waiting for file changes before starting...[39m
[32m[nodemon] restarting due to changes...[39m
[32m[nodemon] starting `node src/server.js`[39m
[2026-04-27 23:18:02] [32minfo[39m: MongoDB connected: ac-kqnx0we-shard-00-01.jj9g0kc.mongodb.net
[2026-04-27 23:18:02] [33mwarn[39m: REDIS_URL not set - Redis disabled
[2026-04-27 23:18:02] [32minfo[39m: [nearExpiry] Job scheduled — daily at 08:00
[2026-04-27 23:18:02] [32minfo[39m: [reservationExpiry] Job scheduled — every 15 minutes
[2026-04-27 23:18:02] [31merror[39m: Uncaught Exception: listen EADDRINUSE: address already in use :::5000
[31m[nodemon] app crashed - waiting for file changes before starting...[39m
[32m[nodemon] restarting due to changes...[39m
[32m[nodemon] starting `node src/server.js`[39m
[2026-04-27 23:18:06] [32minfo[39m: MongoDB connected: ac-kqnx0we-shard-00-00.jj9g0kc.mongodb.net
[2026-04-27 23:18:06] [33mwarn[39m: REDIS_URL not set - Redis disabled
[2026-04-27 23:18:06] [32minfo[39m: [nearExpiry] Job scheduled — daily at 08:00
[2026-04-27 23:18:06] [32minfo[39m: [reservationExpiry] Job scheduled — every 15 minutes
[2026-04-27 23:18:06] [32minfo[39m: Server running on port 5000 in development mode
[0;36mMongoose:[0m users.createIndex({ pharmacyId: [33m1[39m }, { background: [33mtrue[39m })
[0;36mMongoose:[0m auditlogs.createIndex({ pharmacyId: [33m1[39m }, { background: [33mtrue[39m })
[0;36mMongoose:[0m orders.createIndex({ pharmacyId: [33m1[39m }, { background: [33mtrue[39m })
[0;36mMongoose:[0m sales.createIndex({ pharmacyId: [33m1[39m }, { background: [33mtrue[39m })
[0;36mMongoose:[0m reservations.createIndex({ pharmacyId: [33m1[39m }, { background: [33mtrue[39m })
[0;36mMongoose:[0m deliveries.createIndex({ pharmacyId: [33m1[39m }, { background: [33mtrue[39m })
[0;36mMongoose:[0m medicines.createIndex({ pharmacyId: [33m1[39m }, { background: [33mtrue[39m })
[0;36mMongoose:[0m parapharmacyproducts.createIndex({ pharmacyId: [33m1[39m }, { background: [33mtrue[39m })
[0;36mMongoose:[0m users.createIndex({ pharmacyId: [33m1[39m, email: [33m1[39m }, { unique: [33mtrue[39m, background: [33mtrue[39m })
[0;36mMongoose:[0m batches.createIndex({ pharmacyId: [33m1[39m }, { background: [33mtrue[39m })
[0;36mMongoose:[0m orders.createIndex({ pharmacyId: [33m1[39m, status: [33m1[39m }, { background: [33mtrue[39m })
[0;36mMongoose:[0m sales.createIndex({ pharmacyId: [33m1[39m, cashierId: [33m1[39m }, { background: [33mtrue[39m })
[0;36mMongoose:[0m reservations.createIndex({ confirmationCode: [33m1[39m }, { unique: [33mtrue[39m, background: [33mtrue[39m })
[0;36mMongoose:[0m deliveries.createIndex({ pharmacyId: [33m1[39m, supplierId: [33m1[39m }, { background: [33mtrue[39m })
[0;36mMongoose:[0m medicines.createIndex({ pharmacyId: [33m1[39m, name: [33m1[39m }, { background: [33mtrue[39m })
[0;36mMongoose:[0m parapharmacyproducts.createIndex({ pharmacyId: [33m1[39m, name: [33m1[39m }, { background: [33mtrue[39m })
[0;36mMongoose:[0m batches.createIndex({ pharmacyId: [33m1[39m, medicineId: [33m1[39m, batchNumber: [33m1[39m }, { unique: [33mtrue[39m, background: [33mtrue[39m })
[0;36mMongoose:[0m users.createIndex({ pharmacyId: [33m1[39m, role: [33m1[39m }, { background: [33mtrue[39m })
[0;36mMongoose:[0m orders.createIndex({ pharmacyId: [33m1[39m, supplierId: [33m1[39m }, { background: [33mtrue[39m })
[0;36mMongoose:[0m sales.createIndex({ pharmacyId: [33m1[39m, createdAt: [33m-1[39m }, { background: [33mtrue[39m })
[0;36mMongoose:[0m reservations.createIndex({ pharmacyId: [33m1[39m, status: [33m1[39m }, { background: [33mtrue[39m })
[0;36mMongoose:[0m deliveries.createIndex({ pharmacyId: [33m1[39m, deliveryDate: [33m-1[39m }, { background: [33mtrue[39m })
[0;36mMongoose:[0m medicines.createIndex({ pharmacyId: [33m1[39m, isActive: [33m1[39m }, { background: [33mtrue[39m })
[0;36mMongoose:[0m auditlogs.createIndex({ pharmacyId: [33m1[39m, createdAt: [33m-1[39m }, { background: [33mtrue[39m })
[0;36mMongoose:[0m suppliers.createIndex({ pharmacyId: [33m1[39m }, { background: [33mtrue[39m })
[0;36mMongoose:[0m sales.createIndex({ pharmacyId: [33m1[39m, approvalStatus: [33m1[39m }, { background: [33mtrue[39m })
[0;36mMongoose:[0m orders.createIndex({ pharmacyId: [33m1[39m, createdAt: [33m-1[39m }, { background: [33mtrue[39m })
[0;36mMongoose:[0m reservations.createIndex({ pharmacyId: [33m1[39m, expiresAt: [33m1[39m, status: [33m1[39m }, { background: [33mtrue[39m })
[0;36mMongoose:[0m medicines.createIndex({ pharmacyId: [33m1[39m, category: [33m1[39m }, { background: [33mtrue[39m })
[0;36mMongoose:[0m auditlogs.createIndex({ pharmacyId: [33m1[39m, userId: [33m1[39m }, { background: [33mtrue[39m })
[0;36mMongoose:[0m sales.createIndex({ [32m'invoice.receiptNumber'[39m: [33m1[39m }, { unique: [33mtrue[39m, background: [33mtrue[39m })
[0;36mMongoose:[0m suppliers.createIndex({ pharmacyId: [33m1[39m, name: [33m1[39m }, { unique: [33mtrue[39m, background: [33mtrue[39m })
[0;36mMongoose:[0m reservations.createIndex({ pharmacyId: [33m1[39m, createdAt: [33m-1[39m }, { background: [33mtrue[39m })
[0;36mMongoose:[0m medicines.createIndex({ name: [32m'text'[39m, genericName: [32m'text'[39m }, { weights: { name: [33m10[39m, genericName: [33m5[39m }, background: [33mtrue[39m })
[0;36mMongoose:[0m auditlogs.createIndex({ pharmacyId: [33m1[39m, action: [33m1[39m }, { background: [33mtrue[39m })
[0;36mMongoose:[0m suppliers.createIndex({ pharmacyId: [33m1[39m, type: [33m1[39m }, { background: [33mtrue[39m })
[0;36mMongoose:[0m auditlogs.createIndex({ pharmacyId: [33m1[39m, entity: [33m1[39m }, { background: [33mtrue[39m })
[0;36mMongoose:[0m suppliers.createIndex({ pharmacyId: [33m1[39m, isActive: [33m1[39m }, { background: [33mtrue[39m })
[0;36mMongoose:[0m auditlogs.createIndex({ createdAt: [33m1[39m }, { expireAfterSeconds: [33m157680000[39m, background: [33mtrue[39m })
[0;36mMongoose:[0m parapharmacyproducts.createIndex({ pharmacyId: [33m1[39m, isActive: [33m1[39m }, { background: [33mtrue[39m })
[0;36mMongoose:[0m batches.createIndex({ pharmacyId: [33m1[39m, medicineId: [33m1[39m, expiryDate: [33m1[39m }, { background: [33mtrue[39m })
[0;36mMongoose:[0m parapharmacyproducts.createIndex({ pharmacyId: [33m1[39m, category: [33m1[39m }, { background: [33mtrue[39m })
[0;36mMongoose:[0m batches.createIndex({ pharmacyId: [33m1[39m, expiryDate: [33m1[39m, isActive: [33m1[39m }, { background: [33mtrue[39m })
[0;36mMongoose:[0m parapharmacyproducts.createIndex({ name: [32m'text'[39m, brand: [32m'text'[39m }, { weights: { name: [33m10[39m, brand: [33m5[39m }, background: [33mtrue[39m })
[0;36mMongoose:[0m batches.createIndex({ pharmacyId: [33m1[39m, remainingQty: [33m1[39m }, { background: [33mtrue[39m })
[32m[nodemon] restarting due to changes...[39m
[32m[nodemon] starting `node src/server.js`[39m
[32m[nodemon] restarting due to changes...[39m
[2026-04-27 23:18:14] [32minfo[39m: MongoDB connected: ac-kqnx0we-shard-00-00.jj9g0kc.mongodb.net
[2026-04-27 23:18:14] [33mwarn[39m: REDIS_URL not set - Redis disabled
[2026-04-27 23:18:14] [32minfo[39m: [nearExpiry] Job scheduled — daily at 08:00
[2026-04-27 23:18:14] [32minfo[39m: [reservationExpiry] Job scheduled — every 15 minutes
[32m[nodemon] starting `node src/server.js`[39m
[2026-04-27 23:18:18] [32minfo[39m: MongoDB connected: ac-kqnx0we-shard-00-01.jj9g0kc.mongodb.net
[2026-04-27 23:18:18] [33mwarn[39m: REDIS_URL not set - Redis disabled
[2026-04-27 23:18:18] [32minfo[39m: [nearExpiry] Job scheduled — daily at 08:00
[2026-04-27 23:18:18] [32minfo[39m: [reservationExpiry] Job scheduled — every 15 minutes
[2026-04-27 23:18:18] [31merror[39m: Uncaught Exception: listen EADDRINUSE: address already in use :::5000
[31m[nodemon] app crashed - waiting for file changes before starting...[39m
[32m[nodemon] restarting due to changes...[39m
[32m[nodemon] starting `node src/server.js`[39m
[2026-04-27 23:18:28] [32minfo[39m: MongoDB connected: ac-kqnx0we-shard-00-00.jj9g0kc.mongodb.net
[2026-04-27 23:18:28] [33mwarn[39m: REDIS_URL not set - Redis disabled
[2026-04-27 23:18:28] [32minfo[39m: [nearExpiry] Job scheduled — daily at 08:00
[2026-04-27 23:18:28] [32minfo[39m: [reservationExpiry] Job scheduled — every 15 minutes
[2026-04-27 23:18:28] [32minfo[39m: Server running on port 5000 in development mode
[0;36mMongoose:[0m users.createIndex({ pharmacyId: [33m1[39m }, { background: [33mtrue[39m })
[0;36mMongoose:[0m auditlogs.createIndex({ pharmacyId: [33m1[39m }, { background: [33mtrue[39m })
[0;36mMongoose:[0m orders.createIndex({ pharmacyId: [33m1[39m }, { background: [33mtrue[39m })
[0;36mMongoose:[0m sales.createIndex({ pharmacyId: [33m1[39m }, { background: [33mtrue[39m })
[32m[nodemon] restarting due to changes...[39m
[0;36mMongoose:[0m reservations.createIndex({ pharmacyId: [33m1[39m }, { background: [33mtrue[39m })
[0;36mMongoose:[0m deliveries.createIndex({ pharmacyId: [33m1[39m }, { background: [33mtrue[39m })
[0;36mMongoose:[0m suppliers.createIndex({ pharmacyId: [33m1[39m }, { background: [33mtrue[39m })
[0;36mMongoose:[0m medicines.createIndex({ pharmacyId: [33m1[39m }, { background: [33mtrue[39m })
[0;36mMongoose:[0m batches.createIndex({ pharmacyId: [33m1[39m }, { background: [33mtrue[39m })
[0;36mMongoose:[0m auditlogs.createIndex({ pharmacyId: [33m1[39m, createdAt: [33m-1[39m }, { background: [33mtrue[39m })
[0;36mMongoose:[0m orders.createIndex({ pharmacyId: [33m1[39m, status: [33m1[39m }, { background: [33mtrue[39m })
[0;36mMongoose:[0m sales.createIndex({ pharmacyId: [33m1[39m, cashierId: [33m1[39m }, { background: [33mtrue[39m })
[0;36mMongoose:[0m reservations.createIndex({ confirmationCode: [33m1[39m }, { unique: [33mtrue[39m, background: [33mtrue[39m })
[0;36mMongoose:[0m deliveries.createIndex({ pharmacyId: [33m1[39m, supplierId: [33m1[39m }, { background: [33mtrue[39m })
[0;36mMongoose:[0m suppliers.createIndex({ pharmacyId: [33m1[39m, name: [33m1[39m }, { unique: [33mtrue[39m, background: [33mtrue[39m })
[32m[nodemon] starting `node src/server.js`[39m
[2026-04-27 23:18:32] [32minfo[39m: MongoDB connected: ac-kqnx0we-shard-00-02.jj9g0kc.mongodb.net
[2026-04-27 23:18:32] [33mwarn[39m: REDIS_URL not set - Redis disabled
[2026-04-27 23:18:32] [32minfo[39m: [nearExpiry] Job scheduled — daily at 08:00
[2026-04-27 23:18:32] [32minfo[39m: [reservationExpiry] Job scheduled — every 15 minutes
[2026-04-27 23:18:32] [31merror[39m: Uncaught Exception: listen EADDRINUSE: address already in use :::5000
[31m[nodemon] app crashed - waiting for file changes before starting...[39m
[32m[nodemon] restarting due to changes...[39m
[32m[nodemon] starting `node src/server.js`[39m
[2026-04-27 23:18:37] [32minfo[39m: MongoDB connected: ac-kqnx0we-shard-00-01.jj9g0kc.mongodb.net
[2026-04-27 23:18:37] [33mwarn[39m: REDIS_URL not set - Redis disabled
[2026-04-27 23:18:37] [32minfo[39m: [nearExpiry] Job scheduled — daily at 08:00
[2026-04-27 23:18:37] [32minfo[39m: [reservationExpiry] Job scheduled — every 15 minutes
[2026-04-27 23:18:37] [32minfo[39m: Server running on port 5000 in development mode
[0;36mMongoose:[0m users.createIndex({ pharmacyId: [33m1[39m }, { background: [33mtrue[39m })
[0;36mMongoose:[0m auditlogs.createIndex({ pharmacyId: [33m1[39m }, { background: [33mtrue[39m })
[0;36mMongoose:[0m orders.createIndex({ pharmacyId: [33m1[39m }, { background: [33mtrue[39m })
[0;36mMongoose:[0m sales.createIndex({ pharmacyId: [33m1[39m }, { background: [33mtrue[39m })
[0;36mMongoose:[0m reservations.createIndex({ pharmacyId: [33m1[39m }, { background: [33mtrue[39m })
[0;36mMongoose:[0m deliveries.createIndex({ pharmacyId: [33m1[39m }, { background: [33mtrue[39m })
[0;36mMongoose:[0m suppliers.createIndex({ pharmacyId: [33m1[39m }, { background: [33mtrue[39m })
[0;36mMongoose:[0m medicines.createIndex({ pharmacyId: [33m1[39m }, { background: [33mtrue[39m })
[0;36mMongoose:[0m batches.createIndex({ pharmacyId: [33m1[39m }, { background: [33mtrue[39m })
[0;36mMongoose:[0m auditlogs.createIndex({ pharmacyId: [33m1[39m, createdAt: [33m-1[39m }, { background: [33mtrue[39m })
[0;36mMongoose:[0m orders.createIndex({ pharmacyId: [33m1[39m, status: [33m1[39m }, { background: [33mtrue[39m })
[0;36mMongoose:[0m sales.createIndex({ pharmacyId: [33m1[39m, cashierId: [33m1[39m }, { background: [33mtrue[39m })
[0;36mMongoose:[0m reservations.createIndex({ confirmationCode: [33m1[39m }, { unique: [33mtrue[39m, background: [33mtrue[39m })
[0;36mMongoose:[0m deliveries.createIndex({ pharmacyId: [33m1[39m, supplierId: [33m1[39m }, { background: [33mtrue[39m })
[0;36mMongoose:[0m suppliers.createIndex({ pharmacyId: [33m1[39m, name: [33m1[39m }, { unique: [33mtrue[39m, background: [33mtrue[39m })
[0;36mMongoose:[0m medicines.createIndex({ pharmacyId: [33m1[39m, name: [33m1[39m }, { background: [33mtrue[39m })
[0;36mMongoose:[0m batches.createIndex({ pharmacyId: [33m1[39m, medicineId: [33m1[39m, batchNumber: [33m1[39m }, { unique: [33mtrue[39m, background: [33mtrue[39m })
[0;36mMongoose:[0m auditlogs.createIndex({ pharmacyId: [33m1[39m, userId: [33m1[39m }, { background: [33mtrue[39m })
[0;36mMongoose:[0m orders.createIndex({ pharmacyId: [33m1[39m, supplierId: [33m1[39m }, { background: [33mtrue[39m })
[0;36mMongoose:[0m sales.createIndex({ pharmacyId: [33m1[39m, createdAt: [33m-1[39m }, { background: [33mtrue[39m })
[0;36mMongoose:[0m deliveries.createIndex({ pharmacyId: [33m1[39m, deliveryDate: [33m-1[39m }, { background: [33mtrue[39m })
[0;36mMongoose:[0m reservations.createIndex({ pharmacyId: [33m1[39m, status: [33m1[39m }, { background: [33mtrue[39m })
[0;36mMongoose:[0m suppliers.createIndex({ pharmacyId: [33m1[39m, type: [33m1[39m }, { background: [33mtrue[39m })
[0;36mMongoose:[0m parapharmacyproducts.createIndex({ pharmacyId: [33m1[39m }, { background: [33mtrue[39m })
[0;36mMongoose:[0m users.createIndex({ pharmacyId: [33m1[39m, email: [33m1[39m }, { unique: [33mtrue[39m, background: [33mtrue[39m })
[0;36mMongoose:[0m auditlogs.createIndex({ pharmacyId: [33m1[39m, action: [33m1[39m }, { background: [33mtrue[39m })
[0;36mMongoose:[0m orders.createIndex({ pharmacyId: [33m1[39m, createdAt: [33m-1[39m }, { background: [33mtrue[39m })
[0;36mMongoose:[0m sales.createIndex({ pharmacyId: [33m1[39m, approvalStatus: [33m1[39m }, { background: [33mtrue[39m })
[0;36mMongoose:[0m users.createIndex({ pharmacyId: [33m1[39m, role: [33m1[39m }, { background: [33mtrue[39m })
[0;36mMongoose:[0m suppliers.createIndex({ pharmacyId: [33m1[39m, isActive: [33m1[39m }, { background: [33mtrue[39m })
[0;36mMongoose:[0m reservations.createIndex({ pharmacyId: [33m1[39m, expiresAt: [33m1[39m, status: [33m1[39m }, { background: [33mtrue[39m })
[0;36mMongoose:[0m parapharmacyproducts.createIndex({ pharmacyId: [33m1[39m, name: [33m1[39m }, { background: [33mtrue[39m })
[0;36mMongoose:[0m auditlogs.createIndex({ pharmacyId: [33m1[39m, entity: [33m1[39m }, { background: [33mtrue[39m })
[0;36mMongoose:[0m sales.createIndex({ [32m'invoice.receiptNumber'[39m: [33m1[39m }, { unique: [33mtrue[39m, background: [33mtrue[39m })
[0;36mMongoose:[0m reservations.createIndex({ pharmacyId: [33m1[39m, createdAt: [33m-1[39m }, { background: [33mtrue[39m })
[0;36mMongoose:[0m parapharmacyproducts.createIndex({ pharmacyId: [33m1[39m, isActive: [33m1[39m }, { background: [33mtrue[39m })
[0;36mMongoose:[0m auditlogs.createIndex({ createdAt: [33m1[39m }, { expireAfterSeconds: [33m157680000[39m, background: [33mtrue[39m })
[0;36mMongoose:[0m parapharmacyproducts.createIndex({ pharmacyId: [33m1[39m, category: [33m1[39m }, { background: [33mtrue[39m })
[0;36mMongoose:[0m parapharmacyproducts.createIndex({ name: [32m'text'[39m, brand: [32m'text'[39m }, { weights: { name: [33m10[39m, brand: [33m5[39m }, background: [33mtrue[39m })
[0;36mMongoose:[0m medicines.createIndex({ pharmacyId: [33m1[39m, isActive: [33m1[39m }, { background: [33mtrue[39m })
[0;36mMongoose:[0m batches.createIndex({ pharmacyId: [33m1[39m, medicineId: [33m1[39m, expiryDate: [33m1[39m }, { background: [33mtrue[39m })
[0;36mMongoose:[0m medicines.createIndex({ pharmacyId: [33m1[39m, category: [33m1[39m }, { background: [33mtrue[39m })
[0;36mMongoose:[0m batches.createIndex({ pharmacyId: [33m1[39m, expiryDate: [33m1[39m, isActive: [33m1[39m }, { background: [33mtrue[39m })
[0;36mMongoose:[0m medicines.createIndex({ name: [32m'text'[39m, genericName: [32m'text'[39m }, { weights: { name: [33m10[39m, genericName: [33m5[39m }, background: [33mtrue[39m })
[0;36mMongoose:[0m batches.createIndex({ pharmacyId: [33m1[39m, remainingQty: [33m1[39m }, { background: [33mtrue[39m })
[32m[nodemon] restarting due to changes...[39m
[32m[nodemon] starting `node src/server.js`[39m
[2026-04-27 23:18:43] [32minfo[39m: MongoDB connected: ac-kqnx0we-shard-00-00.jj9g0kc.mongodb.net
[2026-04-27 23:18:43] [33mwarn[39m: REDIS_URL not set - Redis disabled
[2026-04-27 23:18:43] [32minfo[39m: [nearExpiry] Job scheduled — daily at 08:00
[2026-04-27 23:18:43] [32minfo[39m: [reservationExpiry] Job scheduled — every 15 minutes
[2026-04-27 23:18:43] [31merror[39m: Uncaught Exception: listen EADDRINUSE: address already in use :::5000
[31m[nodemon] app crashed - waiting for file changes before starting...[39m
[32m[nodemon] restarting due to changes...[39m
[32m[nodemon] starting `node src/server.js`[39m
[2026-04-27 23:18:52] [32minfo[39m: MongoDB connected: ac-kqnx0we-shard-00-02.jj9g0kc.mongodb.net
[2026-04-27 23:18:52] [33mwarn[39m: REDIS_URL not set - Redis disabled
[2026-04-27 23:18:52] [32minfo[39m: [nearExpiry] Job scheduled — daily at 08:00
[2026-04-27 23:18:52] [32minfo[39m: [reservationExpiry] Job scheduled — every 15 minutes
[2026-04-27 23:18:52] [32minfo[39m: Server running on port 5000 in development mode
[0;36mMongoose:[0m users.createIndex({ pharmacyId: [33m1[39m }, { background: [33mtrue[39m })
[0;36mMongoose:[0m auditlogs.createIndex({ pharmacyId: [33m1[39m }, { background: [33mtrue[39m })
[0;36mMongoose:[0m orders.createIndex({ pharmacyId: [33m1[39m }, { background: [33mtrue[39m })
[0;36mMongoose:[0m sales.createIndex({ pharmacyId: [33m1[39m }, { background: [33mtrue[39m })
[0;36mMongoose:[0m reservations.createIndex({ pharmacyId: [33m1[39m }, { background: [33mtrue[39m })
[0;36mMongoose:[0m deliveries.createIndex({ pharmacyId: [33m1[39m }, { background: [33mtrue[39m })
[0;36mMongoose:[0m batches.createIndex({ pharmacyId: [33m1[39m }, { background: [33mtrue[39m })
[0;36mMongoose:[0m parapharmacyproducts.createIndex({ pharmacyId: [33m1[39m }, { background: [33mtrue[39m })
[0;36mMongoose:[0m users.createIndex({ pharmacyId: [33m1[39m, email: [33m1[39m }, { unique: [33mtrue[39m, background: [33mtrue[39m })
[32m[nodemon] restarting due to changes...[39m
[0;36mMongoose:[0m medicines.createIndex({ pharmacyId: [33m1[39m }, { background: [33mtrue[39m })
[0;36mMongoose:[0m orders.createIndex({ pharmacyId: [33m1[39m, status: [33m1[39m }, { background: [33mtrue[39m })
[0;36mMongoose:[0m sales.createIndex({ pharmacyId: [33m1[39m, cashierId: [33m1[39m }, { background: [33mtrue[39m })
[0;36mMongoose:[0m reservations.createIndex({ confirmationCode: [33m1[39m }, { unique: [33mtrue[39m, background: [33mtrue[39m })
[0;36mMongoose:[0m deliveries.createIndex({ pharmacyId: [33m1[39m, supplierId: [33m1[39m }, { background: [33mtrue[39m })
[0;36mMongoose:[0m batches.createIndex({ pharmacyId: [33m1[39m, medicineId: [33m1[39m, batchNumber: [33m1[39m }, { unique: [33mtrue[39m, background: [33mtrue[39m })
[0;36mMongoose:[0m parapharmacyproducts.createIndex({ pharmacyId: [33m1[39m, name: [33m1[39m }, { background: [33mtrue[39m })
[0;36mMongoose:[0m users.createIndex({ pharmacyId: [33m1[39m, role: [33m1[39m }, { background: [33mtrue[39m })
[0;36mMongoose:[0m medicines.createIndex({ pharmacyId: [33m1[39m, name: [33m1[39m }, { background: [33mtrue[39m })
[0;36mMongoose:[0m orders.createIndex({ pharmacyId: [33m1[39m, supplierId: [33m1[39m }, { background: [33mtrue[39m })
[0;36mMongoose:[0m reservations.createIndex({ pharmacyId: [33m1[39m, status: [33m1[39m }, { background: [33mtrue[39m })
[0;36mMongoose:[0m sales.createIndex({ pharmacyId: [33m1[39m, createdAt: [33m-1[39m }, { background: [33mtrue[39m })
[0;36mMongoose:[0m deliveries.createIndex({ pharmacyId: [33m1[39m, deliveryDate: [33m-1[39m }, { background: [33mtrue[39m })
[0;36mMongoose:[0m batches.createIndex({ pharmacyId: [33m1[39m, medicineId: [33m1[39m, expiryDate: [33m1[39m }, { background: [33mtrue[39m })
[0;36mMongoose:[0m parapharmacyproducts.createIndex({ pharmacyId: [33m1[39m, isActive: [33m1[39m }, { background: [33mtrue[39m })
[0;36mMongoose:[0m suppliers.createIndex({ pharmacyId: [33m1[39m }, { background: [33mtrue[39m })
[0;36mMongoose:[0m auditlogs.createIndex({ pharmacyId: [33m1[39m, createdAt: [33m-1[39m }, { background: [33mtrue[39m })
[0;36mMongoose:[0m reservations.createIndex({ pharmacyId: [33m1[39m, expiresAt: [33m1[39m, status: [33m1[39m }, { background: [33mtrue[39m })
[0;36mMongoose:[0m sales.createIndex({ pharmacyId: [33m1[39m, approvalStatus: [33m1[39m }, { background: [33mtrue[39m })
[32m[nodemon] starting `node src/server.js`[39m
[2026-04-27 23:18:56] [32minfo[39m: MongoDB connected: ac-kqnx0we-shard-00-02.jj9g0kc.mongodb.net
[2026-04-27 23:18:56] [33mwarn[39m: REDIS_URL not set - Redis disabled
[2026-04-27 23:18:56] [32minfo[39m: [nearExpiry] Job scheduled — daily at 08:00
[2026-04-27 23:18:56] [32minfo[39m: [reservationExpiry] Job scheduled — every 15 minutes
[2026-04-27 23:18:56] [31merror[39m: Uncaught Exception: listen EADDRINUSE: address already in use :::5000
[31m[nodemon] app crashed - waiting for file changes before starting...[39m
[32m[nodemon] restarting due to changes...[39m
[32m[nodemon] starting `node src/server.js`[39m
[2026-04-27 23:19:02] [32minfo[39m: MongoDB connected: ac-kqnx0we-shard-00-00.jj9g0kc.mongodb.net
[2026-04-27 23:19:02] [33mwarn[39m: REDIS_URL not set - Redis disabled
[2026-04-27 23:19:02] [32minfo[39m: [nearExpiry] Job scheduled — daily at 08:00
[2026-04-27 23:19:02] [32minfo[39m: [reservationExpiry] Job scheduled — every 15 minutes
[2026-04-27 23:19:02] [32minfo[39m: Server running on port 5000 in development mode
[0;36mMongoose:[0m users.createIndex({ pharmacyId: [33m1[39m }, { background: [33mtrue[39m })
[0;36mMongoose:[0m auditlogs.createIndex({ pharmacyId: [33m1[39m }, { background: [33mtrue[39m })
[0;36mMongoose:[0m orders.createIndex({ pharmacyId: [33m1[39m }, { background: [33mtrue[39m })
[0;36mMongoose:[0m sales.createIndex({ pharmacyId: [33m1[39m }, { background: [33mtrue[39m })
[0;36mMongoose:[0m reservations.createIndex({ pharmacyId: [33m1[39m }, { background: [33mtrue[39m })
[0;36mMongoose:[0m deliveries.createIndex({ pharmacyId: [33m1[39m }, { background: [33mtrue[39m })
[0;36mMongoose:[0m suppliers.createIndex({ pharmacyId: [33m1[39m }, { background: [33mtrue[39m })
[0;36mMongoose:[0m batches.createIndex({ pharmacyId: [33m1[39m }, { background: [33mtrue[39m })
[0;36mMongoose:[0m medicines.createIndex({ pharmacyId: [33m1[39m }, { background: [33mtrue[39m })
[0;36mMongoose:[0m auditlogs.createIndex({ pharmacyId: [33m1[39m, createdAt: [33m-1[39m }, { background: [33mtrue[39m })
[0;36mMongoose:[0m sales.createIndex({ pharmacyId: [33m1[39m, cashierId: [33m1[39m }, { background: [33mtrue[39m })
[32m[nodemon] restarting due to changes...[39m
[0;36mMongoose:[0m orders.createIndex({ pharmacyId: [33m1[39m, status: [33m1[39m }, { background: [33mtrue[39m })
[0;36mMongoose:[0m reservations.createIndex({ confirmationCode: [33m1[39m }, { unique: [33mtrue[39m, background: [33mtrue[39m })
[0;36mMongoose:[0m deliveries.createIndex({ pharmacyId: [33m1[39m, supplierId: [33m1[39m }, { background: [33mtrue[39m })
[0;36mMongoose:[0m suppliers.createIndex({ pharmacyId: [33m1[39m, name: [33m1[39m }, { unique: [33mtrue[39m, background: [33mtrue[39m })
[0;36mMongoose:[0m batches.createIndex({ pharmacyId: [33m1[39m, medicineId: [33m1[39m, batchNumber: [33m1[39m }, { unique: [33mtrue[39m, background: [33mtrue[39m })
[0;36mMongoose:[0m auditlogs.createIndex({ pharmacyId: [33m1[39m, userId: [33m1[39m }, { background: [33mtrue[39m })
[0;36mMongoose:[0m medicines.createIndex({ pharmacyId: [33m1[39m, name: [33m1[39m }, { background: [33mtrue[39m })
[0;36mMongoose:[0m sales.createIndex({ pharmacyId: [33m1[39m, createdAt: [33m-1[39m }, { background: [33mtrue[39m })
[0;36mMongoose:[0m orders.createIndex({ pharmacyId: [33m1[39m, supplierId: [33m1[39m }, { background: [33mtrue[39m })
[0;36mMongoose:[0m deliveries.createIndex({ pharmacyId: [33m1[39m, deliveryDate: [33m-1[39m }, { background: [33mtrue[39m })
[0;36mMongoose:[0m reservations.createIndex({ pharmacyId: [33m1[39m, status: [33m1[39m }, { background: [33mtrue[39m })
[0;36mMongoose:[0m parapharmacyproducts.createIndex({ pharmacyId: [33m1[39m }, { background: [33mtrue[39m })
[32m[nodemon] starting `node src/server.js`[39m
[2026-04-27 23:19:06] [32minfo[39m: MongoDB connected: ac-kqnx0we-shard-00-02.jj9g0kc.mongodb.net
[2026-04-27 23:19:06] [33mwarn[39m: REDIS_URL not set - Redis disabled
[2026-04-27 23:19:06] [32minfo[39m: [nearExpiry] Job scheduled — daily at 08:00
[2026-04-27 23:19:06] [32minfo[39m: [reservationExpiry] Job scheduled — every 15 minutes
[2026-04-27 23:19:06] [31merror[39m: Uncaught Exception: listen EADDRINUSE: address already in use :::5000
[31m[nodemon] app crashed - waiting for file changes before starting...[39m
[32m[nodemon] restarting due to changes...[39m
[32m[nodemon] starting `node src/server.js`[39m
[2026-04-27 23:19:14] [32minfo[39m: MongoDB connected: ac-kqnx0we-shard-00-01.jj9g0kc.mongodb.net
[2026-04-27 23:19:14] [33mwarn[39m: REDIS_URL not set - Redis disabled
[2026-04-27 23:19:14] [32minfo[39m: [nearExpiry] Job scheduled — daily at 08:00
[2026-04-27 23:19:14] [32minfo[39m: [reservationExpiry] Job scheduled — every 15 minutes
[2026-04-27 23:19:14] [32minfo[39m: Server running on port 5000 in development mode
[0;36mMongoose:[0m users.createIndex({ pharmacyId: [33m1[39m }, { background: [33mtrue[39m })
[0;36mMongoose:[0m auditlogs.createIndex({ pharmacyId: [33m1[39m }, { background: [33mtrue[39m })
[0;36mMongoose:[0m orders.createIndex({ pharmacyId: [33m1[39m }, { background: [33mtrue[39m })
[0;36mMongoose:[0m sales.createIndex({ pharmacyId: [33m1[39m }, { background: [33mtrue[39m })
[0;36mMongoose:[0m reservations.createIndex({ pharmacyId: [33m1[39m }, { background: [33mtrue[39m })
[0;36mMongoose:[0m deliveries.createIndex({ pharmacyId: [33m1[39m }, { background: [33mtrue[39m })
[0;36mMongoose:[0m batches.createIndex({ pharmacyId: [33m1[39m }, { background: [33mtrue[39m })
[0;36mMongoose:[0m parapharmacyproducts.createIndex({ pharmacyId: [33m1[39m }, { background: [33mtrue[39m })
[0;36mMongoose:[0m medicines.createIndex({ pharmacyId: [33m1[39m }, { background: [33mtrue[39m })
[0;36mMongoose:[0m orders.createIndex({ pharmacyId: [33m1[39m, status: [33m1[39m }, { background: [33mtrue[39m })
[0;36mMongoose:[0m users.createIndex({ pharmacyId: [33m1[39m, email: [33m1[39m }, { unique: [33mtrue[39m, background: [33mtrue[39m })
[0;36mMongoose:[0m deliveries.createIndex({ pharmacyId: [33m1[39m, supplierId: [33m1[39m }, { background: [33mtrue[39m })
[0;36mMongoose:[0m reservations.createIndex({ confirmationCode: [33m1[39m }, { unique: [33mtrue[39m, background: [33mtrue[39m })
[0;36mMongoose:[0m sales.createIndex({ pharmacyId: [33m1[39m, cashierId: [33m1[39m }, { background: [33mtrue[39m })
[0;36mMongoose:[0m batches.createIndex({ pharmacyId: [33m1[39m, medicineId: [33m1[39m, batchNumber: [33m1[39m }, { unique: [33mtrue[39m, background: [33mtrue[39m })
[0;36mMongoose:[0m parapharmacyproducts.createIndex({ pharmacyId: [33m1[39m, name: [33m1[39m }, { background: [33mtrue[39m })
[0;36mMongoose:[0m medicines.createIndex({ pharmacyId: [33m1[39m, name: [33m1[39m }, { background: [33mtrue[39m })
[0;36mMongoose:[0m orders.createIndex({ pharmacyId: [33m1[39m, supplierId: [33m1[39m }, { background: [33mtrue[39m })
[0;36mMongoose:[0m users.createIndex({ pharmacyId: [33m1[39m, role: [33m1[39m }, { background: [33mtrue[39m })
[0;36mMongoose:[0m deliveries.createIndex({ pharmacyId: [33m1[39m, deliveryDate: [33m-1[39m }, { background: [33mtrue[39m })
[0;36mMongoose:[0m suppliers.createIndex({ pharmacyId: [33m1[39m }, { background: [33mtrue[39m })
[0;36mMongoose:[0m sales.createIndex({ pharmacyId: [33m1[39m, createdAt: [33m-1[39m }, { background: [33mtrue[39m })
[0;36mMongoose:[0m batches.createIndex({ pharmacyId: [33m1[39m, medicineId: [33m1[39m, expiryDate: [33m1[39m }, { background: [33mtrue[39m })
[0;36mMongoose:[0m parapharmacyproducts.createIndex({ pharmacyId: [33m1[39m, isActive: [33m1[39m }, { background: [33mtrue[39m })
[0;36mMongoose:[0m medicines.createIndex({ pharmacyId: [33m1[39m, isActive: [33m1[39m }, { background: [33mtrue[39m })
[0;36mMongoose:[0m orders.createIndex({ pharmacyId: [33m1[39m, createdAt: [33m-1[39m }, { background: [33mtrue[39m })
[0;36mMongoose:[0m auditlogs.createIndex({ pharmacyId: [33m1[39m, createdAt: [33m-1[39m }, { background: [33mtrue[39m })
[0;36mMongoose:[0m suppliers.createIndex({ pharmacyId: [33m1[39m, name: [33m1[39m }, { unique: [33mtrue[39m, background: [33mtrue[39m })
[0;36mMongoose:[0m sales.createIndex({ pharmacyId: [33m1[39m, approvalStatus: [33m1[39m }, { background: [33mtrue[39m })
[0;36mMongoose:[0m batches.createIndex({ pharmacyId: [33m1[39m, expiryDate: [33m1[39m, isActive: [33m1[39m }, { background: [33mtrue[39m })
[0;36mMongoose:[0m parapharmacyproducts.createIndex({ pharmacyId: [33m1[39m, category: [33m1[39m }, { background: [33mtrue[39m })
[0;36mMongoose:[0m medicines.createIndex({ pharmacyId: [33m1[39m, category: [33m1[39m }, { background: [33mtrue[39m })
[0;36mMongoose:[0m auditlogs.createIndex({ pharmacyId: [33m1[39m, userId: [33m1[39m }, { background: [33mtrue[39m })
[0;36mMongoose:[0m suppliers.createIndex({ pharmacyId: [33m1[39m, type: [33m1[39m }, { background: [33mtrue[39m })
[0;36mMongoose:[0m sales.createIndex({ [32m'invoice.receiptNumber'[39m: [33m1[39m }, { unique: [33mtrue[39m, background: [33mtrue[39m })
[0;36mMongoose:[0m batches.createIndex({ pharmacyId: [33m1[39m, remainingQty: [33m1[39m }, { background: [33mtrue[39m })
[0;36mMongoose:[0m medicines.createIndex({ name: [32m'text'[39m, genericName: [32m'text'[39m }, { weights: { name: [33m10[39m, genericName: [33m5[39m }, background: [33mtrue[39m })
[0;36mMongoose:[0m parapharmacyproducts.createIndex({ name: [32m'text'[39m, brand: [32m'text'[39m }, { weights: { name: [33m10[39m, brand: [33m5[39m }, background: [33mtrue[39m })
[0;36mMongoose:[0m auditlogs.createIndex({ pharmacyId: [33m1[39m, action: [33m1[39m }, { background: [33mtrue[39m })
[0;36mMongoose:[0m suppliers.createIndex({ pharmacyId: [33m1[39m, isActive: [33m1[39m }, { background: [33mtrue[39m })
[0;36mMongoose:[0m reservations.createIndex({ pharmacyId: [33m1[39m, status: [33m1[39m }, { background: [33mtrue[39m })
[0;36mMongoose:[0m reservations.createIndex({ pharmacyId: [33m1[39m, expiresAt: [33m1[39m, status: [33m1[39m }, { background: [33mtrue[39m })
[0;36mMongoose:[0m reservations.createIndex({ pharmacyId: [33m1[39m, createdAt: [33m-1[39m }, { background: [33mtrue[39m })
[0;36mMongoose:[0m auditlogs.createIndex({ pharmacyId: [33m1[39m, entity: [33m1[39m }, { background: [33mtrue[39m })
[0;36mMongoose:[0m auditlogs.createIndex({ createdAt: [33m1[39m }, { expireAfterSeconds: [33m157680000[39m, background: [33mtrue[39m })
[32m[nodemon] restarting due to changes...[39m
[32m[nodemon] starting `node src/server.js`[39m
[2026-04-27 23:19:20] [32minfo[39m: MongoDB connected: ac-kqnx0we-shard-00-01.jj9g0kc.mongodb.net
[2026-04-27 23:19:20] [33mwarn[39m: REDIS_URL not set - Redis disabled
[2026-04-27 23:19:20] [32minfo[39m: [nearExpiry] Job scheduled — daily at 08:00
[2026-04-27 23:19:20] [32minfo[39m: [reservationExpiry] Job scheduled — every 15 minutes
[2026-04-27 23:19:20] [31merror[39m: Uncaught Exception: listen EADDRINUSE: address already in use :::5000
[31m[nodemon] app crashed - waiting for file changes before starting...[39m
[32m[nodemon] restarting due to changes...[39m
[32m[nodemon] starting `node src/server.js`[39m
[2026-04-27 23:19:27] [32minfo[39m: MongoDB connected: ac-kqnx0we-shard-00-02.jj9g0kc.mongodb.net
[2026-04-27 23:19:27] [33mwarn[39m: REDIS_URL not set - Redis disabled
[2026-04-27 23:19:27] [32minfo[39m: [nearExpiry] Job scheduled — daily at 08:00
[2026-04-27 23:19:27] [32minfo[39m: [reservationExpiry] Job scheduled — every 15 minutes
[2026-04-27 23:19:27] [32minfo[39m: Server running on port 5000 in development mode
[0;36mMongoose:[0m users.createIndex({ pharmacyId: [33m1[39m }, { background: [33mtrue[39m })
[0;36mMongoose:[0m auditlogs.createIndex({ pharmacyId: [33m1[39m }, { background: [33mtrue[39m })
[0;36mMongoose:[0m orders.createIndex({ pharmacyId: [33m1[39m }, { background: [33mtrue[39m })
[0;36mMongoose:[0m sales.createIndex({ pharmacyId: [33m1[39m }, { background: [33mtrue[39m })
[0;36mMongoose:[0m reservations.createIndex({ pharmacyId: [33m1[39m }, { background: [33mtrue[39m })
[0;36mMongoose:[0m deliveries.createIndex({ pharmacyId: [33m1[39m }, { background: [33mtrue[39m })
[0;36mMongoose:[0m suppliers.createIndex({ pharmacyId: [33m1[39m }, { background: [33mtrue[39m })
[0;36mMongoose:[0m medicines.createIndex({ pharmacyId: [33m1[39m }, { background: [33mtrue[39m })
[0;36mMongoose:[0m batches.createIndex({ pharmacyId: [33m1[39m }, { background: [33mtrue[39m })
[0;36mMongoose:[0m auditlogs.createIndex({ pharmacyId: [33m1[39m, createdAt: [33m-1[39m }, { background: [33mtrue[39m })
[0;36mMongoose:[0m reservations.createIndex({ confirmationCode: [33m1[39m }, { unique: [33mtrue[39m, background: [33mtrue[39m })
[0;36mMongoose:[0m orders.createIndex({ pharmacyId: [33m1[39m, status: [33m1[39m }, { background: [33mtrue[39m })
[0;36mMongoose:[0m sales.createIndex({ pharmacyId: [33m1[39m, cashierId: [33m1[39m }, { background: [33mtrue[39m })
[0;36mMongoose:[0m deliveries.createIndex({ pharmacyId: [33m1[39m, supplierId: [33m1[39m }, { background: [33mtrue[39m })
[0;36mMongoose:[0m suppliers.createIndex({ pharmacyId: [33m1[39m, name: [33m1[39m }, { unique: [33mtrue[39m, background: [33mtrue[39m })
[0;36mMongoose:[0m medicines.createIndex({ pharmacyId: [33m1[39m, name: [33m1[39m }, { background: [33mtrue[39m })
[0;36mMongoose:[0m batches.createIndex({ pharmacyId: [33m1[39m, medicineId: [33m1[39m, batchNumber: [33m1[39m }, { unique: [33mtrue[39m, background: [33mtrue[39m })
[0;36mMongoose:[0m auditlogs.createIndex({ pharmacyId: [33m1[39m, userId: [33m1[39m }, { background: [33mtrue[39m })
[0;36mMongoose:[0m reservations.createIndex({ pharmacyId: [33m1[39m, status: [33m1[39m }, { background: [33mtrue[39m })
[0;36mMongoose:[0m orders.createIndex({ pharmacyId: [33m1[39m, supplierId: [33m1[39m }, { background: [33mtrue[39m })
[0;36mMongoose:[0m sales.createIndex({ pharmacyId: [33m1[39m, createdAt: [33m-1[39m }, { background: [33mtrue[39m })
[0;36mMongoose:[0m deliveries.createIndex({ pharmacyId: [33m1[39m, deliveryDate: [33m-1[39m }, { background: [33mtrue[39m })
[0;36mMongoose:[0m suppliers.createIndex({ pharmacyId: [33m1[39m, type: [33m1[39m }, { background: [33mtrue[39m })
[0;36mMongoose:[0m medicines.createIndex({ pharmacyId: [33m1[39m, isActive: [33m1[39m }, { background: [33mtrue[39m })
[0;36mMongoose:[0m parapharmacyproducts.createIndex({ pharmacyId: [33m1[39m }, { background: [33mtrue[39m })
[0;36mMongoose:[0m orders.createIndex({ pharmacyId: [33m1[39m, createdAt: [33m-1[39m }, { background: [33mtrue[39m })
[0;36mMongoose:[0m sales.createIndex({ pharmacyId: [33m1[39m, approvalStatus: [33m1[39m }, { background: [33mtrue[39m })
[0;36mMongoose:[0m users.createIndex({ pharmacyId: [33m1[39m, email: [33m1[39m }, { unique: [33mtrue[39m, background: [33mtrue[39m })
[0;36mMongoose:[0m reservations.createIndex({ pharmacyId: [33m1[39m, expiresAt: [33m1[39m, status: [33m1[39m }, { background: [33mtrue[39m })
[0;36mMongoose:[0m parapharmacyproducts.createIndex({ pharmacyId: [33m1[39m, name: [33m1[39m }, { background: [33mtrue[39m })
[0;36mMongoose:[0m suppliers.createIndex({ pharmacyId: [33m1[39m, isActive: [33m1[39m }, { background: [33mtrue[39m })
[0;36mMongoose:[0m medicines.createIndex({ pharmacyId: [33m1[39m, category: [33m1[39m }, { background: [33mtrue[39m })
[0;36mMongoose:[0m sales.createIndex({ [32m'invoice.receiptNumber'[39m: [33m1[39m }, { unique: [33mtrue[39m, background: [33mtrue[39m })
[0;36mMongoose:[0m reservations.createIndex({ pharmacyId: [33m1[39m, createdAt: [33m-1[39m }, { background: [33mtrue[39m })
[0;36mMongoose:[0m users.createIndex({ pharmacyId: [33m1[39m, role: [33m1[39m }, { background: [33mtrue[39m })
[0;36mMongoose:[0m parapharmacyproducts.createIndex({ pharmacyId: [33m1[39m, isActive: [33m1[39m }, { background: [33mtrue[39m })
[0;36mMongoose:[0m medicines.createIndex({ name: [32m'text'[39m, genericName: [32m'text'[39m }, { weights: { name: [33m10[39m, genericName: [33m5[39m }, background: [33mtrue[39m })
[0;36mMongoose:[0m parapharmacyproducts.createIndex({ pharmacyId: [33m1[39m, category: [33m1[39m }, { background: [33mtrue[39m })
[0;36mMongoose:[0m parapharmacyproducts.createIndex({ name: [32m'text'[39m, brand: [32m'text'[39m }, { weights: { name: [33m10[39m, brand: [33m5[39m }, background: [33mtrue[39m })
[0;36mMongoose:[0m auditlogs.createIndex({ pharmacyId: [33m1[39m, action: [33m1[39m }, { background: [33mtrue[39m })
[0;36mMongoose:[0m batches.createIndex({ pharmacyId: [33m1[39m, medicineId: [33m1[39m, expiryDate: [33m1[39m }, { background: [33mtrue[39m })
[0;36mMongoose:[0m auditlogs.createIndex({ pharmacyId: [33m1[39m, entity: [33m1[39m }, { background: [33mtrue[39m })
[0;36mMongoose:[0m batches.createIndex({ pharmacyId: [33m1[39m, expiryDate: [33m1[39m, isActive: [33m1[39m }, { background: [33mtrue[39m })
[0;36mMongoose:[0m auditlogs.createIndex({ createdAt: [33m1[39m }, { expireAfterSeconds: [33m157680000[39m, background: [33mtrue[39m })
[0;36mMongoose:[0m batches.createIndex({ pharmacyId: [33m1[39m, remainingQty: [33m1[39m }, { background: [33mtrue[39m })
[32m[nodemon] restarting due to changes...[39m
[32m[nodemon] starting `node src/server.js`[39m
[2026-04-27 23:19:33] [32minfo[39m: MongoDB connected: ac-kqnx0we-shard-00-01.jj9g0kc.mongodb.net
[2026-04-27 23:19:33] [33mwarn[39m: REDIS_URL not set - Redis disabled
[2026-04-27 23:19:33] [32minfo[39m: [nearExpiry] Job scheduled — daily at 08:00
[2026-04-27 23:19:33] [32minfo[39m: [reservationExpiry] Job scheduled — every 15 minutes
[2026-04-27 23:19:33] [32minfo[39m: Server running on port 5000 in development mode
[0;36mMongoose:[0m users.createIndex({ pharmacyId: [33m1[39m }, { background: [33mtrue[39m })
[0;36mMongoose:[0m auditlogs.createIndex({ pharmacyId: [33m1[39m }, { background: [33mtrue[39m })
[0;36mMongoose:[0m orders.createIndex({ pharmacyId: [33m1[39m }, { background: [33mtrue[39m })
[0;36mMongoose:[0m sales.createIndex({ pharmacyId: [33m1[39m }, { background: [33mtrue[39m })
[0;36mMongoose:[0m reservations.createIndex({ pharmacyId: [33m1[39m }, { background: [33mtrue[39m })
[0;36mMongoose:[0m deliveries.createIndex({ pharmacyId: [33m1[39m }, { background: [33mtrue[39m })
[0;36mMongoose:[0m medicines.createIndex({ pharmacyId: [33m1[39m }, { background: [33mtrue[39m })
[0;36mMongoose:[0m batches.createIndex({ pharmacyId: [33m1[39m }, { background: [33mtrue[39m })
[0;36mMongoose:[0m users.createIndex({ pharmacyId: [33m1[39m, email: [33m1[39m }, { unique: [33mtrue[39m, background: [33mtrue[39m })
[0;36mMongoose:[0m auditlogs.createIndex({ pharmacyId: [33m1[39m, createdAt: [33m-1[39m }, { background: [33mtrue[39m })
[0;36mMongoose:[0m orders.createIndex({ pharmacyId: [33m1[39m, status: [33m1[39m }, { background: [33mtrue[39m })
[0;36mMongoose:[0m sales.createIndex({ pharmacyId: [33m1[39m, cashierId: [33m1[39m }, { background: [33mtrue[39m })
[0;36mMongoose:[0m reservations.createIndex({ confirmationCode: [33m1[39m }, { unique: [33mtrue[39m, background: [33mtrue[39m })
[0;36mMongoose:[0m deliveries.createIndex({ pharmacyId: [33m1[39m, supplierId: [33m1[39m }, { background: [33mtrue[39m })
[0;36mMongoose:[0m medicines.createIndex({ pharmacyId: [33m1[39m, name: [33m1[39m }, { background: [33mtrue[39m })
[0;36mMongoose:[0m batches.createIndex({ pharmacyId: [33m1[39m, medicineId: [33m1[39m, batchNumber: [33m1[39m }, { unique: [33mtrue[39m, background: [33mtrue[39m })
[0;36mMongoose:[0m users.createIndex({ pharmacyId: [33m1[39m, role: [33m1[39m }, { background: [33mtrue[39m })
[0;36mMongoose:[0m orders.createIndex({ pharmacyId: [33m1[39m, supplierId: [33m1[39m }, { background: [33mtrue[39m })
[0;36mMongoose:[0m auditlogs.createIndex({ pharmacyId: [33m1[39m, userId: [33m1[39m }, { background: [33mtrue[39m })
[0;36mMongoose:[0m sales.createIndex({ pharmacyId: [33m1[39m, createdAt: [33m-1[39m }, { background: [33mtrue[39m })
[0;36mMongoose:[0m suppliers.createIndex({ pharmacyId: [33m1[39m }, { background: [33mtrue[39m })
[0;36mMongoose:[0m reservations.createIndex({ pharmacyId: [33m1[39m, status: [33m1[39m }, { background: [33mtrue[39m })
[0;36mMongoose:[0m batches.createIndex({ pharmacyId: [33m1[39m, medicineId: [33m1[39m, expiryDate: [33m1[39m }, { background: [33mtrue[39m })
[0;36mMongoose:[0m medicines.createIndex({ pharmacyId: [33m1[39m, isActive: [33m1[39m }, { background: [33mtrue[39m })
[0;36mMongoose:[0m orders.createIndex({ pharmacyId: [33m1[39m, createdAt: [33m-1[39m }, { background: [33mtrue[39m })
[0;36mMongoose:[0m parapharmacyproducts.createIndex({ pharmacyId: [33m1[39m }, { background: [33mtrue[39m })
[0;36mMongoose:[0m sales.createIndex({ pharmacyId: [33m1[39m, approvalStatus: [33m1[39m }, { background: [33mtrue[39m })
[0;36mMongoose:[0m suppliers.createIndex({ pharmacyId: [33m1[39m, name: [33m1[39m }, { unique: [33mtrue[39m, background: [33mtrue[39m })
[0;36mMongoose:[0m reservations.createIndex({ pharmacyId: [33m1[39m, expiresAt: [33m1[39m, status: [33m1[39m }, { background: [33mtrue[39m })
[0;36mMongoose:[0m parapharmacyproducts.createIndex({ pharmacyId: [33m1[39m, name: [33m1[39m }, { background: [33mtrue[39m })
[0;36mMongoose:[0m batches.createIndex({ pharmacyId: [33m1[39m, expiryDate: [33m1[39m, isActive: [33m1[39m }, { background: [33mtrue[39m })
[0;36mMongoose:[0m medicines.createIndex({ pharmacyId: [33m1[39m, category: [33m1[39m }, { background: [33mtrue[39m })
[0;36mMongoose:[0m sales.createIndex({ [32m'invoice.receiptNumber'[39m: [33m1[39m }, { unique: [33mtrue[39m, background: [33mtrue[39m })
[0;36mMongoose:[0m suppliers.createIndex({ pharmacyId: [33m1[39m, type: [33m1[39m }, { background: [33mtrue[39m })
[0;36mMongoose:[0m reservations.createIndex({ pharmacyId: [33m1[39m, createdAt: [33m-1[39m }, { background: [33mtrue[39m })
[0;36mMongoose:[0m parapharmacyproducts.createIndex({ pharmacyId: [33m1[39m, isActive: [33m1[39m }, { background: [33mtrue[39m })
[0;36mMongoose:[0m batches.createIndex({ pharmacyId: [33m1[39m, remainingQty: [33m1[39m }, { background: [33mtrue[39m })
[0;36mMongoose:[0m medicines.createIndex({ name: [32m'text'[39m, genericName: [32m'text'[39m }, { weights: { name: [33m10[39m, genericName: [33m5[39m }, background: [33mtrue[39m })
[0;36mMongoose:[0m suppliers.createIndex({ pharmacyId: [33m1[39m, isActive: [33m1[39m }, { background: [33mtrue[39m })
[0;36mMongoose:[0m parapharmacyproducts.createIndex({ pharmacyId: [33m1[39m, category: [33m1[39m }, { background: [33mtrue[39m })
[0;36mMongoose:[0m deliveries.createIndex({ pharmacyId: [33m1[39m, deliveryDate: [33m-1[39m }, { background: [33mtrue[39m })
[0;36mMongoose:[0m parapharmacyproducts.createIndex({ name: [32m'text'[39m, brand: [32m'text'[39m }, { weights: { name: [33m10[39m, brand: [33m5[39m }, background: [33mtrue[39m })
[0;36mMongoose:[0m auditlogs.createIndex({ pharmacyId: [33m1[39m, action: [33m1[39m }, { background: [33mtrue[39m })
[0;36mMongoose:[0m auditlogs.createIndex({ pharmacyId: [33m1[39m, entity: [33m1[39m }, { background: [33mtrue[39m })
[0;36mMongoose:[0m auditlogs.createIndex({ createdAt: [33m1[39m }, { expireAfterSeconds: [33m157680000[39m, background: [33mtrue[39m })
[32m[nodemon] restarting due to changes...[39m
[32m[nodemon] starting `node src/server.js`[39m
[2026-04-27 23:19:42] [32minfo[39m: MongoDB connected: ac-kqnx0we-shard-00-00.jj9g0kc.mongodb.net
[2026-04-27 23:19:42] [33mwarn[39m: REDIS_URL not set - Redis disabled
[2026-04-27 23:19:42] [32minfo[39m: [nearExpiry] Job scheduled — daily at 08:00
[2026-04-27 23:19:42] [32minfo[39m: [reservationExpiry] Job scheduled — every 15 minutes
[2026-04-27 23:19:42] [32minfo[39m: Server running on port 5000 in development mode
[0;36mMongoose:[0m users.createIndex({ pharmacyId: [33m1[39m }, { background: [33mtrue[39m })
[0;36mMongoose:[0m auditlogs.createIndex({ pharmacyId: [33m1[39m }, { background: [33mtrue[39m })
[0;36mMongoose:[0m orders.createIndex({ pharmacyId: [33m1[39m }, { background: [33mtrue[39m })
[0;36mMongoose:[0m sales.createIndex({ pharmacyId: [33m1[39m }, { background: [33mtrue[39m })
[0;36mMongoose:[0m reservations.createIndex({ pharmacyId: [33m1[39m }, { background: [33mtrue[39m })
[0;36mMongoose:[0m deliveries.createIndex({ pharmacyId: [33m1[39m }, { background: [33mtrue[39m })
[0;36mMongoose:[0m batches.createIndex({ pharmacyId: [33m1[39m }, { background: [33mtrue[39m })
[0;36mMongoose:[0m parapharmacyproducts.createIndex({ pharmacyId: [33m1[39m }, { background: [33mtrue[39m })
[0;36mMongoose:[0m users.createIndex({ pharmacyId: [33m1[39m, email: [33m1[39m }, { unique: [33mtrue[39m, background: [33mtrue[39m })
[0;36mMongoose:[0m medicines.createIndex({ pharmacyId: [33m1[39m }, { background: [33mtrue[39m })
[0;36mMongoose:[0m orders.createIndex({ pharmacyId: [33m1[39m, status: [33m1[39m }, { background: [33mtrue[39m })
[0;36mMongoose:[0m sales.createIndex({ pharmacyId: [33m1[39m, cashierId: [33m1[39m }, { background: [33mtrue[39m })
[0;36mMongoose:[0m reservations.createIndex({ confirmationCode: [33m1[39m }, { unique: [33mtrue[39m, background: [33mtrue[39m })
[0;36mMongoose:[0m deliveries.createIndex({ pharmacyId: [33m1[39m, supplierId: [33m1[39m }, { background: [33mtrue[39m })
[0;36mMongoose:[0m batches.createIndex({ pharmacyId: [33m1[39m, medicineId: [33m1[39m, batchNumber: [33m1[39m }, { unique: [33mtrue[39m, background: [33mtrue[39m })
[0;36mMongoose:[0m parapharmacyproducts.createIndex({ pharmacyId: [33m1[39m, name: [33m1[39m }, { background: [33mtrue[39m })
[0;36mMongoose:[0m users.createIndex({ pharmacyId: [33m1[39m, role: [33m1[39m }, { background: [33mtrue[39m })
[0;36mMongoose:[0m medicines.createIndex({ pharmacyId: [33m1[39m, name: [33m1[39m }, { background: [33mtrue[39m })
[0;36mMongoose:[0m orders.createIndex({ pharmacyId: [33m1[39m, supplierId: [33m1[39m }, { background: [33mtrue[39m })
[0;36mMongoose:[0m reservations.createIndex({ pharmacyId: [33m1[39m, status: [33m1[39m }, { background: [33mtrue[39m })
[0;36mMongoose:[0m sales.createIndex({ pharmacyId: [33m1[39m, createdAt: [33m-1[39m }, { background: [33mtrue[39m })
[0;36mMongoose:[0m auditlogs.createIndex({ pharmacyId: [33m1[39m, createdAt: [33m-1[39m }, { background: [33mtrue[39m })
[0;36mMongoose:[0m deliveries.createIndex({ pharmacyId: [33m1[39m, deliveryDate: [33m-1[39m }, { background: [33mtrue[39m })
[0;36mMongoose:[0m suppliers.createIndex({ pharmacyId: [33m1[39m }, { background: [33mtrue[39m })
[0;36mMongoose:[0m orders.createIndex({ pharmacyId: [33m1[39m, createdAt: [33m-1[39m }, { background: [33mtrue[39m })
[0;36mMongoose:[0m auditlogs.createIndex({ pharmacyId: [33m1[39m, userId: [33m1[39m }, { background: [33mtrue[39m })
[0;36mMongoose:[0m medicines.createIndex({ pharmacyId: [33m1[39m, isActive: [33m1[39m }, { background: [33mtrue[39m })
[0;36mMongoose:[0m sales.createIndex({ pharmacyId: [33m1[39m, approvalStatus: [33m1[39m }, { background: [33mtrue[39m })
[0;36mMongoose:[0m reservations.createIndex({ pharmacyId: [33m1[39m, expiresAt: [33m1[39m, status: [33m1[39m }, { background: [33mtrue[39m })
[0;36mMongoose:[0m suppliers.createIndex({ pharmacyId: [33m1[39m, name: [33m1[39m }, { unique: [33mtrue[39m, background: [33mtrue[39m })
[0;36mMongoose:[0m auditlogs.createIndex({ pharmacyId: [33m1[39m, action: [33m1[39m }, { background: [33mtrue[39m })
[0;36mMongoose:[0m medicines.createIndex({ pharmacyId: [33m1[39m, category: [33m1[39m }, { background: [33mtrue[39m })
[32m[nodemon] restarting due to changes...[39m
[0;36mMongoose:[0m sales.createIndex({ [32m'invoice.receiptNumber'[39m: [33m1[39m }, { unique: [33mtrue[39m, background: [33mtrue[39m })
[0;36mMongoose:[0m reservations.createIndex({ pharmacyId: [33m1[39m, createdAt: [33m-1[39m }, { background: [33mtrue[39m })
[0;36mMongoose:[0m suppliers.createIndex({ pharmacyId: [33m1[39m, type: [33m1[39m }, { background: [33mtrue[39m })
[0;36mMongoose:[0m auditlogs.createIndex({ pharmacyId: [33m1[39m, entity: [33m1[39m }, { background: [33mtrue[39m })
[0;36mMongoose:[0m medicines.createIndex({ name: [32m'text'[39m, genericName: [32m'text'[39m }, { weights: { name: [33m10[39m, genericName: [33m5[39m }, background: [33mtrue[39m })
[0;36mMongoose:[0m suppliers.createIndex({ pharmacyId: [33m1[39m, isActive: [33m1[39m }, { background: [33mtrue[39m })
[0;36mMongoose:[0m auditlogs.createIndex({ createdAt: [33m1[39m }, { expireAfterSeconds: [33m157680000[39m, background: [33mtrue[39m })
[0;36mMongoose:[0m parapharmacyproducts.createIndex({ pharmacyId: [33m1[39m, isActive: [33m1[39m }, { background: [33mtrue[39m })
[0;36mMongoose:[0m batches.createIndex({ pharmacyId: [33m1[39m, medicineId: [33m1[39m, expiryDate: [33m1[39m }, { background: [33mtrue[39m })
[0;36mMongoose:[0m parapharmacyproducts.createIndex({ pharmacyId: [33m1[39m, category: [33m1[39m }, { background: [33mtrue[39m })
[0;36mMongoose:[0m batches.createIndex({ pharmacyId: [33m1[39m, expiryDate: [33m1[39m, isActive: [33m1[39m }, { background: [33mtrue[39m })
[0;36mMongoose:[0m parapharmacyproducts.createIndex({ name: [32m'text'[39m, brand: [32m'text'[39m }, { weights: { name: [33m10[39m, brand: [33m5[39m }, background: [33mtrue[39m })
[32m[nodemon] starting `node src/server.js`[39m
[2026-04-27 23:19:46] [32minfo[39m: MongoDB connected: ac-kqnx0we-shard-00-00.jj9g0kc.mongodb.net
[2026-04-27 23:19:46] [33mwarn[39m: REDIS_URL not set - Redis disabled
[2026-04-27 23:19:46] [32minfo[39m: [nearExpiry] Job scheduled — daily at 08:00
[2026-04-27 23:19:46] [32minfo[39m: [reservationExpiry] Job scheduled — every 15 minutes
[2026-04-27 23:19:46] [32minfo[39m: Server running on port 5000 in development mode
[0;36mMongoose:[0m users.createIndex({ pharmacyId: [33m1[39m }, { background: [33mtrue[39m })
[0;36mMongoose:[0m auditlogs.createIndex({ pharmacyId: [33m1[39m }, { background: [33mtrue[39m })
[0;36mMongoose:[0m orders.createIndex({ pharmacyId: [33m1[39m }, { background: [33mtrue[39m })
[0;36mMongoose:[0m sales.createIndex({ pharmacyId: [33m1[39m }, { background: [33mtrue[39m })
[0;36mMongoose:[0m reservations.createIndex({ pharmacyId: [33m1[39m }, { background: [33mtrue[39m })
[0;36mMongoose:[0m deliveries.createIndex({ pharmacyId: [33m1[39m }, { background: [33mtrue[39m })
[0;36mMongoose:[0m suppliers.createIndex({ pharmacyId: [33m1[39m }, { background: [33mtrue[39m })
[0;36mMongoose:[0m medicines.createIndex({ pharmacyId: [33m1[39m }, { background: [33mtrue[39m })
[0;36mMongoose:[0m batches.createIndex({ pharmacyId: [33m1[39m }, { background: [33mtrue[39m })
[0;36mMongoose:[0m auditlogs.createIndex({ pharmacyId: [33m1[39m, createdAt: [33m-1[39m }, { background: [33mtrue[39m })
[0;36mMongoose:[0m orders.createIndex({ pharmacyId: [33m1[39m, status: [33m1[39m }, { background: [33mtrue[39m })
[0;36mMongoose:[0m sales.createIndex({ pharmacyId: [33m1[39m, cashierId: [33m1[39m }, { background: [33mtrue[39m })
[0;36mMongoose:[0m deliveries.createIndex({ pharmacyId: [33m1[39m, supplierId: [33m1[39m }, { background: [33mtrue[39m })
[0;36mMongoose:[0m reservations.createIndex({ confirmationCode: [33m1[39m }, { unique: [33mtrue[39m, background: [33mtrue[39m })
[0;36mMongoose:[0m suppliers.createIndex({ pharmacyId: [33m1[39m, name: [33m1[39m }, { unique: [33mtrue[39m, background: [33mtrue[39m })
[0;36mMongoose:[0m medicines.createIndex({ pharmacyId: [33m1[39m, name: [33m1[39m }, { background: [33mtrue[39m })
[0;36mMongoose:[0m batches.createIndex({ pharmacyId: [33m1[39m, medicineId: [33m1[39m, batchNumber: [33m1[39m }, { unique: [33mtrue[39m, background: [33mtrue[39m })
[0;36mMongoose:[0m auditlogs.createIndex({ pharmacyId: [33m1[39m, userId: [33m1[39m }, { background: [33mtrue[39m })
[0;36mMongoose:[0m orders.createIndex({ pharmacyId: [33m1[39m, supplierId: [33m1[39m }, { background: [33mtrue[39m })
[0;36mMongoose:[0m sales.createIndex({ pharmacyId: [33m1[39m, createdAt: [33m-1[39m }, { background: [33mtrue[39m })
[0;36mMongoose:[0m deliveries.createIndex({ pharmacyId: [33m1[39m, deliveryDate: [33m-1[39m }, { background: [33mtrue[39m })
[0;36mMongoose:[0m reservations.createIndex({ pharmacyId: [33m1[39m, status: [33m1[39m }, { background: [33mtrue[39m })
[0;36mMongoose:[0m suppliers.createIndex({ pharmacyId: [33m1[39m, type: [33m1[39m }, { background: [33mtrue[39m })
[0;36mMongoose:[0m medicines.createIndex({ pharmacyId: [33m1[39m, isActive: [33m1[39m }, { background: [33mtrue[39m })
[0;36mMongoose:[0m users.createIndex({ pharmacyId: [33m1[39m, email: [33m1[39m }, { unique: [33mtrue[39m, background: [33mtrue[39m })
[0;36mMongoose:[0m auditlogs.createIndex({ pharmacyId: [33m1[39m, action: [33m1[39m }, { background: [33mtrue[39m })
[0;36mMongoose:[0m parapharmacyproducts.createIndex({ pharmacyId: [33m1[39m }, { background: [33mtrue[39m })
[0;36mMongoose:[0m sales.createIndex({ pharmacyId: [33m1[39m, approvalStatus: [33m1[39m }, { background: [33mtrue[39m })
[0;36mMongoose:[0m reservations.createIndex({ pharmacyId: [33m1[39m, expiresAt: [33m1[39m, status: [33m1[39m }, { background: [33mtrue[39m })
[0;36mMongoose:[0m suppliers.createIndex({ pharmacyId: [33m1[39m, isActive: [33m1[39m }, { background: [33mtrue[39m })
[0;36mMongoose:[0m medicines.createIndex({ pharmacyId: [33m1[39m, category: [33m1[39m }, { background: [33mtrue[39m })
[0;36mMongoose:[0m users.createIndex({ pharmacyId: [33m1[39m, role: [33m1[39m }, { background: [33mtrue[39m })
[0;36mMongoose:[0m auditlogs.createIndex({ pharmacyId: [33m1[39m, entity: [33m1[39m }, { background: [33mtrue[39m })
[0;36mMongoose:[0m parapharmacyproducts.createIndex({ pharmacyId: [33m1[39m, name: [33m1[39m }, { background: [33mtrue[39m })
[0;36mMongoose:[0m sales.createIndex({ [32m'invoice.receiptNumber'[39m: [33m1[39m }, { unique: [33mtrue[39m, background: [33mtrue[39m })
[0;36mMongoose:[0m reservations.createIndex({ pharmacyId: [33m1[39m, createdAt: [33m-1[39m }, { background: [33mtrue[39m })
[0;36mMongoose:[0m medicines.createIndex({ name: [32m'text'[39m, genericName: [32m'text'[39m }, { weights: { name: [33m10[39m, genericName: [33m5[39m }, background: [33mtrue[39m })
[0;36mMongoose:[0m auditlogs.createIndex({ createdAt: [33m1[39m }, { expireAfterSeconds: [33m157680000[39m, background: [33mtrue[39m })
[0;36mMongoose:[0m parapharmacyproducts.createIndex({ pharmacyId: [33m1[39m, isActive: [33m1[39m }, { background: [33mtrue[39m })
[0;36mMongoose:[0m parapharmacyproducts.createIndex({ pharmacyId: [33m1[39m, category: [33m1[39m }, { background: [33mtrue[39m })
[0;36mMongoose:[0m batches.createIndex({ pharmacyId: [33m1[39m, medicineId: [33m1[39m, expiryDate: [33m1[39m }, { background: [33mtrue[39m })
[0;36mMongoose:[0m orders.createIndex({ pharmacyId: [33m1[39m, createdAt: [33m-1[39m }, { background: [33mtrue[39m })
[0;36mMongoose:[0m parapharmacyproducts.createIndex({ name: [32m'text'[39m, brand: [32m'text'[39m }, { weights: { name: [33m10[39m, brand: [33m5[39m }, background: [33mtrue[39m })
[0;36mMongoose:[0m batches.createIndex({ pharmacyId: [33m1[39m, expiryDate: [33m1[39m, isActive: [33m1[39m }, { background: [33mtrue[39m })
[0;36mMongoose:[0m batches.createIndex({ pharmacyId: [33m1[39m, remainingQty: [33m1[39m }, { background: [33mtrue[39m })
[32m[nodemon] restarting due to changes...[39m
[32m[nodemon] starting `node src/server.js`[39m
[2026-04-27 23:19:51] [32minfo[39m: MongoDB connected: ac-kqnx0we-shard-00-02.jj9g0kc.mongodb.net
[2026-04-27 23:19:51] [33mwarn[39m: REDIS_URL not set - Redis disabled
[2026-04-27 23:19:51] [32minfo[39m: [nearExpiry] Job scheduled — daily at 08:00
[2026-04-27 23:19:51] [32minfo[39m: [reservationExpiry] Job scheduled — every 15 minutes
[2026-04-27 23:19:51] [31merror[39m: Uncaught Exception: listen EADDRINUSE: address already in use :::5000
[31m[nodemon] app crashed - waiting for file changes before starting...[39m
[32m[nodemon] restarting due to changes...[39m
[32m[nodemon] starting `node src/server.js`[39m
[2026-04-27 23:19:55] [32minfo[39m: MongoDB connected: ac-kqnx0we-shard-00-01.jj9g0kc.mongodb.net
[2026-04-27 23:19:55] [33mwarn[39m: REDIS_URL not set - Redis disabled
[2026-04-27 23:19:56] [32minfo[39m: [nearExpiry] Job scheduled — daily at 08:00
[2026-04-27 23:19:56] [32minfo[39m: [reservationExpiry] Job scheduled — every 15 minutes
[2026-04-27 23:19:56] [32minfo[39m: Server running on port 5000 in development mode
[0;36mMongoose:[0m users.createIndex({ pharmacyId: [33m1[39m }, { background: [33mtrue[39m })
[0;36mMongoose:[0m auditlogs.createIndex({ pharmacyId: [33m1[39m }, { background: [33mtrue[39m })
[0;36mMongoose:[0m orders.createIndex({ pharmacyId: [33m1[39m }, { background: [33mtrue[39m })
[0;36mMongoose:[0m sales.createIndex({ pharmacyId: [33m1[39m }, { background: [33mtrue[39m })
[0;36mMongoose:[0m reservations.createIndex({ pharmacyId: [33m1[39m }, { background: [33mtrue[39m })
[0;36mMongoose:[0m deliveries.createIndex({ pharmacyId: [33m1[39m }, { background: [33mtrue[39m })
[0;36mMongoose:[0m suppliers.createIndex({ pharmacyId: [33m1[39m }, { background: [33mtrue[39m })
[0;36mMongoose:[0m medicines.createIndex({ pharmacyId: [33m1[39m }, { background: [33mtrue[39m })
[0;36mMongoose:[0m batches.createIndex({ pharmacyId: [33m1[39m }, { background: [33mtrue[39m })
[0;36mMongoose:[0m auditlogs.createIndex({ pharmacyId: [33m1[39m, createdAt: [33m-1[39m }, { background: [33mtrue[39m })
[0;36mMongoose:[0m orders.createIndex({ pharmacyId: [33m1[39m, status: [33m1[39m }, { background: [33mtrue[39m })
[0;36mMongoose:[0m sales.createIndex({ pharmacyId: [33m1[39m, cashierId: [33m1[39m }, { background: [33mtrue[39m })
[0;36mMongoose:[0m reservations.createIndex({ confirmationCode: [33m1[39m }, { unique: [33mtrue[39m, background: [33mtrue[39m })
[0;36mMongoose:[0m deliveries.createIndex({ pharmacyId: [33m1[39m, supplierId: [33m1[39m }, { background: [33mtrue[39m })
[0;36mMongoose:[0m suppliers.createIndex({ pharmacyId: [33m1[39m, name: [33m1[39m }, { unique: [33mtrue[39m, background: [33mtrue[39m })
[0;36mMongoose:[0m medicines.createIndex({ pharmacyId: [33m1[39m, name: [33m1[39m }, { background: [33mtrue[39m })
[0;36mMongoose:[0m batches.createIndex({ pharmacyId: [33m1[39m, medicineId: [33m1[39m, batchNumber: [33m1[39m }, { unique: [33mtrue[39m, background: [33mtrue[39m })
[0;36mMongoose:[0m auditlogs.createIndex({ pharmacyId: [33m1[39m, userId: [33m1[39m }, { background: [33mtrue[39m })
[0;36mMongoose:[0m orders.createIndex({ pharmacyId: [33m1[39m, supplierId: [33m1[39m }, { background: [33mtrue[39m })
[0;36mMongoose:[0m sales.createIndex({ pharmacyId: [33m1[39m, createdAt: [33m-1[39m }, { background: [33mtrue[39m })
[0;36mMongoose:[0m reservations.createIndex({ pharmacyId: [33m1[39m, status: [33m1[39m }, { background: [33mtrue[39m })
[0;36mMongoose:[0m deliveries.createIndex({ pharmacyId: [33m1[39m, deliveryDate: [33m-1[39m }, { background: [33mtrue[39m })
[0;36mMongoose:[0m parapharmacyproducts.createIndex({ pharmacyId: [33m1[39m }, { background: [33mtrue[39m })
[0;36mMongoose:[0m suppliers.createIndex({ pharmacyId: [33m1[39m, type: [33m1[39m }, { background: [33mtrue[39m })
[0;36mMongoose:[0m orders.createIndex({ pharmacyId: [33m1[39m, createdAt: [33m-1[39m }, { background: [33mtrue[39m })
[0;36mMongoose:[0m auditlogs.createIndex({ pharmacyId: [33m1[39m, action: [33m1[39m }, { background: [33mtrue[39m })
[0;36mMongoose:[0m batches.createIndex({ pharmacyId: [33m1[39m, medicineId: [33m1[39m, expiryDate: [33m1[39m }, { background: [33mtrue[39m })
[0;36mMongoose:[0m reservations.createIndex({ pharmacyId: [33m1[39m, expiresAt: [33m1[39m, status: [33m1[39m }, { background: [33mtrue[39m })
[0;36mMongoose:[0m users.createIndex({ pharmacyId: [33m1[39m, email: [33m1[39m }, { unique: [33mtrue[39m, background: [33mtrue[39m })
[0;36mMongoose:[0m parapharmacyproducts.createIndex({ pharmacyId: [33m1[39m, name: [33m1[39m }, { background: [33mtrue[39m })
[0;36mMongoose:[0m suppliers.createIndex({ pharmacyId: [33m1[39m, isActive: [33m1[39m }, { background: [33mtrue[39m })
[0;36mMongoose:[0m auditlogs.createIndex({ pharmacyId: [33m1[39m, entity: [33m1[39m }, { background: [33mtrue[39m })
[0;36mMongoose:[0m batches.createIndex({ pharmacyId: [33m1[39m, expiryDate: [33m1[39m, isActive: [33m1[39m }, { background: [33mtrue[39m })
[0;36mMongoose:[0m reservations.createIndex({ pharmacyId: [33m1[39m, createdAt: [33m-1[39m }, { background: [33mtrue[39m })
[0;36mMongoose:[0m parapharmacyproducts.createIndex({ pharmacyId: [33m1[39m, isActive: [33m1[39m }, { background: [33mtrue[39m })
[0;36mMongoose:[0m users.createIndex({ pharmacyId: [33m1[39m, role: [33m1[39m }, { background: [33mtrue[39m })
[0;36mMongoose:[0m auditlogs.createIndex({ createdAt: [33m1[39m }, { expireAfterSeconds: [33m157680000[39m, background: [33mtrue[39m })
[0;36mMongoose:[0m batches.createIndex({ pharmacyId: [33m1[39m, remainingQty: [33m1[39m }, { background: [33mtrue[39m })
[0;36mMongoose:[0m parapharmacyproducts.createIndex({ pharmacyId: [33m1[39m, category: [33m1[39m }, { background: [33mtrue[39m })
[0;36mMongoose:[0m sales.createIndex({ pharmacyId: [33m1[39m, approvalStatus: [33m1[39m }, { background: [33mtrue[39m })
[0;36mMongoose:[0m medicines.createIndex({ pharmacyId: [33m1[39m, isActive: [33m1[39m }, { background: [33mtrue[39m })
[0;36mMongoose:[0m parapharmacyproducts.createIndex({ name: [32m'text'[39m, brand: [32m'text'[39m }, { weights: { name: [33m10[39m, brand: [33m5[39m }, background: [33mtrue[39m })
[0;36mMongoose:[0m sales.createIndex({ [32m'invoice.receiptNumber'[39m: [33m1[39m }, { unique: [33mtrue[39m, background: [33mtrue[39m })
[0;36mMongoose:[0m medicines.createIndex({ pharmacyId: [33m1[39m, category: [33m1[39m }, { background: [33mtrue[39m })
[0;36mMongoose:[0m medicines.createIndex({ name: [32m'text'[39m, genericName: [32m'text'[39m }, { weights: { name: [33m10[39m, genericName: [33m5[39m }, background: [33mtrue[39m })
[32m[nodemon] restarting due to changes...[39m
[32m[nodemon] starting `node src/server.js`[39m
[2026-04-27 23:20:05] [32minfo[39m: MongoDB connected: ac-kqnx0we-shard-00-01.jj9g0kc.mongodb.net
[2026-04-27 23:20:05] [33mwarn[39m: REDIS_URL not set - Redis disabled
[2026-04-27 23:20:05] [32minfo[39m: [nearExpiry] Job scheduled — daily at 08:00
[2026-04-27 23:20:05] [32minfo[39m: [reservationExpiry] Job scheduled — every 15 minutes
[2026-04-27 23:20:05] [31merror[39m: Uncaught Exception: listen EADDRINUSE: address already in use :::5000
[31m[nodemon] app crashed - waiting for file changes before starting...[39m
[32m[nodemon] restarting due to changes...[39m
[32m[nodemon] starting `node src/server.js`[39m
[2026-04-27 23:20:10] [32minfo[39m: MongoDB connected: ac-kqnx0we-shard-00-02.jj9g0kc.mongodb.net
[2026-04-27 23:20:10] [33mwarn[39m: REDIS_URL not set - Redis disabled
[2026-04-27 23:20:11] [32minfo[39m: [nearExpiry] Job scheduled — daily at 08:00
[2026-04-27 23:20:11] [32minfo[39m: [reservationExpiry] Job scheduled — every 15 minutes
[2026-04-27 23:20:11] [32minfo[39m: Server running on port 5000 in development mode
[0;36mMongoose:[0m users.createIndex({ pharmacyId: [33m1[39m }, { background: [33mtrue[39m })
[0;36mMongoose:[0m auditlogs.createIndex({ pharmacyId: [33m1[39m }, { background: [33mtrue[39m })
[0;36mMongoose:[0m orders.createIndex({ pharmacyId: [33m1[39m }, { background: [33mtrue[39m })
[0;36mMongoose:[0m sales.createIndex({ pharmacyId: [33m1[39m }, { background: [33mtrue[39m })
[0;36mMongoose:[0m reservations.createIndex({ pharmacyId: [33m1[39m }, { background: [33mtrue[39m })
[0;36mMongoose:[0m deliveries.createIndex({ pharmacyId: [33m1[39m }, { background: [33mtrue[39m })
[0;36mMongoose:[0m suppliers.createIndex({ pharmacyId: [33m1[39m }, { background: [33mtrue[39m })
[0;36mMongoose:[0m batches.createIndex({ pharmacyId: [33m1[39m }, { background: [33mtrue[39m })
[0;36mMongoose:[0m medicines.createIndex({ pharmacyId: [33m1[39m }, { background: [33mtrue[39m })
[0;36mMongoose:[0m auditlogs.createIndex({ pharmacyId: [33m1[39m, createdAt: [33m-1[39m }, { background: [33mtrue[39m })
[0;36mMongoose:[0m orders.createIndex({ pharmacyId: [33m1[39m, status: [33m1[39m }, { background: [33mtrue[39m })
[0;36mMongoose:[0m reservations.createIndex({ confirmationCode: [33m1[39m }, { unique: [33mtrue[39m, background: [33mtrue[39m })
[0;36mMongoose:[0m sales.createIndex({ pharmacyId: [33m1[39m, cashierId: [33m1[39m }, { background: [33mtrue[39m })
[0;36mMongoose:[0m deliveries.createIndex({ pharmacyId: [33m1[39m, supplierId: [33m1[39m }, { background: [33mtrue[39m })
[0;36mMongoose:[0m suppliers.createIndex({ pharmacyId: [33m1[39m, name: [33m1[39m }, { unique: [33mtrue[39m, background: [33mtrue[39m })
[0;36mMongoose:[0m batches.createIndex({ pharmacyId: [33m1[39m, medicineId: [33m1[39m, batchNumber: [33m1[39m }, { unique: [33mtrue[39m, background: [33mtrue[39m })
[0;36mMongoose:[0m auditlogs.createIndex({ pharmacyId: [33m1[39m, userId: [33m1[39m }, { background: [33mtrue[39m })
[0;36mMongoose:[0m medicines.createIndex({ pharmacyId: [33m1[39m, name: [33m1[39m }, { background: [33mtrue[39m })
[0;36mMongoose:[0m orders.createIndex({ pharmacyId: [33m1[39m, supplierId: [33m1[39m }, { background: [33mtrue[39m })
[0;36mMongoose:[0m reservations.createIndex({ pharmacyId: [33m1[39m, status: [33m1[39m }, { background: [33mtrue[39m })
[0;36mMongoose:[0m sales.createIndex({ pharmacyId: [33m1[39m, createdAt: [33m-1[39m }, { background: [33mtrue[39m })
[0;36mMongoose:[0m deliveries.createIndex({ pharmacyId: [33m1[39m, deliveryDate: [33m-1[39m }, { background: [33mtrue[39m })
[0;36mMongoose:[0m suppliers.createIndex({ pharmacyId: [33m1[39m, type: [33m1[39m }, { background: [33mtrue[39m })
[0;36mMongoose:[0m batches.createIndex({ pharmacyId: [33m1[39m, medicineId: [33m1[39m, expiryDate: [33m1[39m }, { background: [33mtrue[39m })
[0;36mMongoose:[0m users.createIndex({ pharmacyId: [33m1[39m, email: [33m1[39m }, { unique: [33mtrue[39m, background: [33mtrue[39m })
[0;36mMongoose:[0m parapharmacyproducts.createIndex({ pharmacyId: [33m1[39m }, { background: [33mtrue[39m })
[0;36mMongoose:[0m reservations.createIndex({ pharmacyId: [33m1[39m, expiresAt: [33m1[39m, status: [33m1[39m }, { background: [33mtrue[39m })
[0;36mMongoose:[0m orders.createIndex({ pharmacyId: [33m1[39m, createdAt: [33m-1[39m }, { background: [33mtrue[39m })
[0;36mMongoose:[0m sales.createIndex({ pharmacyId: [33m1[39m, approvalStatus: [33m1[39m }, { background: [33mtrue[39m })
[0;36mMongoose:[0m suppliers.createIndex({ pharmacyId: [33m1[39m, isActive: [33m1[39m }, { background: [33mtrue[39m })
[0;36mMongoose:[0m batches.createIndex({ pharmacyId: [33m1[39m, expiryDate: [33m1[39m, isActive: [33m1[39m }, { background: [33mtrue[39m })
[0;36mMongoose:[0m parapharmacyproducts.createIndex({ pharmacyId: [33m1[39m, name: [33m1[39m }, { background: [33mtrue[39m })
[0;36mMongoose:[0m users.createIndex({ pharmacyId: [33m1[39m, role: [33m1[39m }, { background: [33mtrue[39m })
[0;36mMongoose:[0m reservations.createIndex({ pharmacyId: [33m1[39m, createdAt: [33m-1[39m }, { background: [33mtrue[39m })
[0;36mMongoose:[0m sales.createIndex({ [32m'invoice.receiptNumber'[39m: [33m1[39m }, { unique: [33mtrue[39m, background: [33mtrue[39m })
[0;36mMongoose:[0m batches.createIndex({ pharmacyId: [33m1[39m, remainingQty: [33m1[39m }, { background: [33mtrue[39m })
[0;36mMongoose:[0m parapharmacyproducts.createIndex({ pharmacyId: [33m1[39m, isActive: [33m1[39m }, { background: [33mtrue[39m })
[0;36mMongoose:[0m parapharmacyproducts.createIndex({ pharmacyId: [33m1[39m, category: [33m1[39m }, { background: [33mtrue[39m })
[0;36mMongoose:[0m parapharmacyproducts.createIndex({ name: [32m'text'[39m, brand: [32m'text'[39m }, { weights: { name: [33m10[39m, brand: [33m5[39m }, background: [33mtrue[39m })
[0;36mMongoose:[0m auditlogs.createIndex({ pharmacyId: [33m1[39m, action: [33m1[39m }, { background: [33mtrue[39m })
[0;36mMongoose:[0m medicines.createIndex({ pharmacyId: [33m1[39m, isActive: [33m1[39m }, { background: [33mtrue[39m })
[0;36mMongoose:[0m auditlogs.createIndex({ pharmacyId: [33m1[39m, entity: [33m1[39m }, { background: [33mtrue[39m })
[0;36mMongoose:[0m medicines.createIndex({ pharmacyId: [33m1[39m, category: [33m1[39m }, { background: [33mtrue[39m })
[0;36mMongoose:[0m auditlogs.createIndex({ createdAt: [33m1[39m }, { expireAfterSeconds: [33m157680000[39m, background: [33mtrue[39m })
[0;36mMongoose:[0m medicines.createIndex({ name: [32m'text'[39m, genericName: [32m'text'[39m }, { weights: { name: [33m10[39m, genericName: [33m5[39m }, background: [33mtrue[39m })
[32m[nodemon] restarting due to changes...[39m
[32m[nodemon] starting `node src/server.js`[39m
[2026-04-27 23:20:23] [32minfo[39m: MongoDB connected: ac-kqnx0we-shard-00-02.jj9g0kc.mongodb.net
[2026-04-27 23:20:23] [33mwarn[39m: REDIS_URL not set - Redis disabled
[2026-04-27 23:20:23] [32minfo[39m: [nearExpiry] Job scheduled — daily at 08:00
[2026-04-27 23:20:23] [32minfo[39m: [reservationExpiry] Job scheduled — every 15 minutes
[2026-04-27 23:20:23] [31merror[39m: Uncaught Exception: listen EADDRINUSE: address already in use :::5000
[31m[nodemon] app crashed - waiting for file changes before starting...[39m
[32m[nodemon] restarting due to changes...[39m
[32m[nodemon] starting `node src/server.js`[39m
[2026-04-27 23:20:29] [32minfo[39m: MongoDB connected: ac-kqnx0we-shard-00-00.jj9g0kc.mongodb.net
[2026-04-27 23:20:29] [33mwarn[39m: REDIS_URL not set - Redis disabled
[2026-04-27 23:20:29] [32minfo[39m: [nearExpiry] Job scheduled — daily at 08:00
[2026-04-27 23:20:29] [32minfo[39m: [reservationExpiry] Job scheduled — every 15 minutes
[2026-04-27 23:20:29] [32minfo[39m: Server running on port 5000 in development mode
[0;36mMongoose:[0m users.createIndex({ pharmacyId: [33m1[39m }, { background: [33mtrue[39m })
[0;36mMongoose:[0m auditlogs.createIndex({ pharmacyId: [33m1[39m }, { background: [33mtrue[39m })
[0;36mMongoose:[0m orders.createIndex({ pharmacyId: [33m1[39m }, { background: [33mtrue[39m })
[0;36mMongoose:[0m sales.createIndex({ pharmacyId: [33m1[39m }, { background: [33mtrue[39m })
[0;36mMongoose:[0m reservations.createIndex({ pharmacyId: [33m1[39m }, { background: [33mtrue[39m })
[0;36mMongoose:[0m deliveries.createIndex({ pharmacyId: [33m1[39m }, { background: [33mtrue[39m })
[0;36mMongoose:[0m suppliers.createIndex({ pharmacyId: [33m1[39m }, { background: [33mtrue[39m })
[0;36mMongoose:[0m medicines.createIndex({ pharmacyId: [33m1[39m }, { background: [33mtrue[39m })
[0;36mMongoose:[0m batches.createIndex({ pharmacyId: [33m1[39m }, { background: [33mtrue[39m })
[0;36mMongoose:[0m auditlogs.createIndex({ pharmacyId: [33m1[39m, createdAt: [33m-1[39m }, { background: [33mtrue[39m })
[0;36mMongoose:[0m orders.createIndex({ pharmacyId: [33m1[39m, status: [33m1[39m }, { background: [33mtrue[39m })
[0;36mMongoose:[0m sales.createIndex({ pharmacyId: [33m1[39m, cashierId: [33m1[39m }, { background: [33mtrue[39m })
[0;36mMongoose:[0m reservations.createIndex({ confirmationCode: [33m1[39m }, { unique: [33mtrue[39m, background: [33mtrue[39m })
[0;36mMongoose:[0m deliveries.createIndex({ pharmacyId: [33m1[39m, supplierId: [33m1[39m }, { background: [33mtrue[39m })
[0;36mMongoose:[0m suppliers.createIndex({ pharmacyId: [33m1[39m, name: [33m1[39m }, { unique: [33mtrue[39m, background: [33mtrue[39m })
[0;36mMongoose:[0m medicines.createIndex({ pharmacyId: [33m1[39m, name: [33m1[39m }, { background: [33mtrue[39m })
[0;36mMongoose:[0m batches.createIndex({ pharmacyId: [33m1[39m, medicineId: [33m1[39m, batchNumber: [33m1[39m }, { unique: [33mtrue[39m, background: [33mtrue[39m })
[0;36mMongoose:[0m auditlogs.createIndex({ pharmacyId: [33m1[39m, userId: [33m1[39m }, { background: [33mtrue[39m })
[0;36mMongoose:[0m orders.createIndex({ pharmacyId: [33m1[39m, supplierId: [33m1[39m }, { background: [33mtrue[39m })
[0;36mMongoose:[0m sales.createIndex({ pharmacyId: [33m1[39m, createdAt: [33m-1[39m }, { background: [33mtrue[39m })
[0;36mMongoose:[0m reservations.createIndex({ pharmacyId: [33m1[39m, status: [33m1[39m }, { background: [33mtrue[39m })
[0;36mMongoose:[0m deliveries.createIndex({ pharmacyId: [33m1[39m, deliveryDate: [33m-1[39m }, { background: [33mtrue[39m })
[0;36mMongoose:[0m batches.createIndex({ pharmacyId: [33m1[39m, medicineId: [33m1[39m, expiryDate: [33m1[39m }, { background: [33mtrue[39m })
[0;36mMongoose:[0m suppliers.createIndex({ pharmacyId: [33m1[39m, type: [33m1[39m }, { background: [33mtrue[39m })
[0;36mMongoose:[0m medicines.createIndex({ pharmacyId: [33m1[39m, isActive: [33m1[39m }, { background: [33mtrue[39m })
[0;36mMongoose:[0m users.createIndex({ pharmacyId: [33m1[39m, email: [33m1[39m }, { unique: [33mtrue[39m, background: [33mtrue[39m })
[0;36mMongoose:[0m parapharmacyproducts.createIndex({ pharmacyId: [33m1[39m }, { background: [33mtrue[39m })
[0;36mMongoose:[0m sales.createIndex({ pharmacyId: [33m1[39m, approvalStatus: [33m1[39m }, { background: [33mtrue[39m })
[0;36mMongoose:[0m reservations.createIndex({ pharmacyId: [33m1[39m, expiresAt: [33m1[39m, status: [33m1[39m }, { background: [33mtrue[39m })
[0;36mMongoose:[0m suppliers.createIndex({ pharmacyId: [33m1[39m, isActive: [33m1[39m }, { background: [33mtrue[39m })
[0;36mMongoose:[0m medicines.createIndex({ pharmacyId: [33m1[39m, category: [33m1[39m }, { background: [33mtrue[39m })
[0;36mMongoose:[0m batches.createIndex({ pharmacyId: [33m1[39m, expiryDate: [33m1[39m, isActive: [33m1[39m }, { background: [33mtrue[39m })
[0;36mMongoose:[0m users.createIndex({ pharmacyId: [33m1[39m, role: [33m1[39m }, { background: [33mtrue[39m })
[0;36mMongoose:[0m parapharmacyproducts.createIndex({ pharmacyId: [33m1[39m, name: [33m1[39m }, { background: [33mtrue[39m })
[0;36mMongoose:[0m sales.createIndex({ [32m'invoice.receiptNumber'[39m: [33m1[39m }, { unique: [33mtrue[39m, background: [33mtrue[39m })
[0;36mMongoose:[0m reservations.createIndex({ pharmacyId: [33m1[39m, createdAt: [33m-1[39m }, { background: [33mtrue[39m })
[0;36mMongoose:[0m medicines.createIndex({ name: [32m'text'[39m, genericName: [32m'text'[39m }, { weights: { name: [33m10[39m, genericName: [33m5[39m }, background: [33mtrue[39m })
[0;36mMongoose:[0m batches.createIndex({ pharmacyId: [33m1[39m, remainingQty: [33m1[39m }, { background: [33mtrue[39m })
[0;36mMongoose:[0m parapharmacyproducts.createIndex({ pharmacyId: [33m1[39m, isActive: [33m1[39m }, { background: [33mtrue[39m })
[0;36mMongoose:[0m parapharmacyproducts.createIndex({ pharmacyId: [33m1[39m, category: [33m1[39m }, { background: [33mtrue[39m })
[0;36mMongoose:[0m auditlogs.createIndex({ pharmacyId: [33m1[39m, action: [33m1[39m }, { background: [33mtrue[39m })
[0;36mMongoose:[0m parapharmacyproducts.createIndex({ name: [32m'text'[39m, brand: [32m'text'[39m }, { weights: { name: [33m10[39m, brand: [33m5[39m }, background: [33mtrue[39m })
[0;36mMongoose:[0m orders.createIndex({ pharmacyId: [33m1[39m, createdAt: [33m-1[39m }, { background: [33mtrue[39m })
[0;36mMongoose:[0m auditlogs.createIndex({ pharmacyId: [33m1[39m, entity: [33m1[39m }, { background: [33mtrue[39m })
[0;36mMongoose:[0m auditlogs.createIndex({ createdAt: [33m1[39m }, { expireAfterSeconds: [33m157680000[39m, background: [33mtrue[39m })
[32m[nodemon] restarting due to changes...[39m
[32m[nodemon] starting `node src/server.js`[39m
[2026-04-27 23:20:39] [32minfo[39m: MongoDB connected: ac-kqnx0we-shard-00-00.jj9g0kc.mongodb.net
[2026-04-27 23:20:39] [33mwarn[39m: REDIS_URL not set - Redis disabled
[2026-04-27 23:20:39] [32minfo[39m: [nearExpiry] Job scheduled — daily at 08:00
[2026-04-27 23:20:39] [32minfo[39m: [reservationExpiry] Job scheduled — every 15 minutes
[2026-04-27 23:20:39] [31merror[39m: Uncaught Exception: listen EADDRINUSE: address already in use :::5000
[31m[nodemon] app crashed - waiting for file changes before starting...[39m
[32m[nodemon] restarting due to changes...[39m
[32m[nodemon] starting `node src/server.js`[39m
[2026-04-27 23:20:45] [32minfo[39m: MongoDB connected: ac-kqnx0we-shard-00-01.jj9g0kc.mongodb.net
[2026-04-27 23:20:45] [33mwarn[39m: REDIS_URL not set - Redis disabled
[2026-04-27 23:20:45] [32minfo[39m: [nearExpiry] Job scheduled — daily at 08:00
[2026-04-27 23:20:45] [32minfo[39m: [reservationExpiry] Job scheduled — every 15 minutes
[2026-04-27 23:20:45] [32minfo[39m: Server running on port 5000 in development mode
[0;36mMongoose:[0m users.createIndex({ pharmacyId: [33m1[39m }, { background: [33mtrue[39m })
[0;36mMongoose:[0m auditlogs.createIndex({ pharmacyId: [33m1[39m }, { background: [33mtrue[39m })
[0;36mMongoose:[0m orders.createIndex({ pharmacyId: [33m1[39m }, { background: [33mtrue[39m })
[0;36mMongoose:[0m sales.createIndex({ pharmacyId: [33m1[39m }, { background: [33mtrue[39m })
[0;36mMongoose:[0m reservations.createIndex({ pharmacyId: [33m1[39m }, { background: [33mtrue[39m })
[0;36mMongoose:[0m deliveries.createIndex({ pharmacyId: [33m1[39m }, { background: [33mtrue[39m })
[0;36mMongoose:[0m medicines.createIndex({ pharmacyId: [33m1[39m }, { background: [33mtrue[39m })
[0;36mMongoose:[0m batches.createIndex({ pharmacyId: [33m1[39m }, { background: [33mtrue[39m })
[0;36mMongoose:[0m users.createIndex({ pharmacyId: [33m1[39m, email: [33m1[39m }, { unique: [33mtrue[39m, background: [33mtrue[39m })
[0;36mMongoose:[0m auditlogs.createIndex({ pharmacyId: [33m1[39m, createdAt: [33m-1[39m }, { background: [33mtrue[39m })
[0;36mMongoose:[0m orders.createIndex({ pharmacyId: [33m1[39m, status: [33m1[39m }, { background: [33mtrue[39m })
[0;36mMongoose:[0m deliveries.createIndex({ pharmacyId: [33m1[39m, supplierId: [33m1[39m }, { background: [33mtrue[39m })
[0;36mMongoose:[0m sales.createIndex({ pharmacyId: [33m1[39m, cashierId: [33m1[39m }, { background: [33mtrue[39m })
[0;36mMongoose:[0m reservations.createIndex({ confirmationCode: [33m1[39m }, { unique: [33mtrue[39m, background: [33mtrue[39m })
[0;36mMongoose:[0m medicines.createIndex({ pharmacyId: [33m1[39m, name: [33m1[39m }, { background: [33mtrue[39m })
[0;36mMongoose:[0m batches.createIndex({ pharmacyId: [33m1[39m, medicineId: [33m1[39m, batchNumber: [33m1[39m }, { unique: [33mtrue[39m, background: [33mtrue[39m })
[0;36mMongoose:[0m users.createIndex({ pharmacyId: [33m1[39m, role: [33m1[39m }, { background: [33mtrue[39m })
[0;36mMongoose:[0m auditlogs.createIndex({ pharmacyId: [33m1[39m, userId: [33m1[39m }, { background: [33mtrue[39m })
[0;36mMongoose:[0m orders.createIndex({ pharmacyId: [33m1[39m, supplierId: [33m1[39m }, { background: [33mtrue[39m })
[0;36mMongoose:[0m deliveries.createIndex({ pharmacyId: [33m1[39m, deliveryDate: [33m-1[39m }, { background: [33mtrue[39m })
[0;36mMongoose:[0m sales.createIndex({ pharmacyId: [33m1[39m, createdAt: [33m-1[39m }, { background: [33mtrue[39m })
[0;36mMongoose:[0m medicines.createIndex({ pharmacyId: [33m1[39m, isActive: [33m1[39m }, { background: [33mtrue[39m })
[0;36mMongoose:[0m reservations.createIndex({ pharmacyId: [33m1[39m, status: [33m1[39m }, { background: [33mtrue[39m })
[0;36mMongoose:[0m batches.createIndex({ pharmacyId: [33m1[39m, medicineId: [33m1[39m, expiryDate: [33m1[39m }, { background: [33mtrue[39m })
[0;36mMongoose:[0m suppliers.createIndex({ pharmacyId: [33m1[39m }, { background: [33mtrue[39m })
[0;36mMongoose:[0m auditlogs.createIndex({ pharmacyId: [33m1[39m, action: [33m1[39m }, { background: [33mtrue[39m })
[0;36mMongoose:[0m parapharmacyproducts.createIndex({ pharmacyId: [33m1[39m }, { background: [33mtrue[39m })
[0;36mMongoose:[0m orders.createIndex({ pharmacyId: [33m1[39m, createdAt: [33m-1[39m }, { background: [33mtrue[39m })
[0;36mMongoose:[0m sales.createIndex({ pharmacyId: [33m1[39m, approvalStatus: [33m1[39m }, { background: [33mtrue[39m })
[0;36mMongoose:[0m medicines.createIndex({ pharmacyId: [33m1[39m, category: [33m1[39m }, { background: [33mtrue[39m })
[0;36mMongoose:[0m reservations.createIndex({ pharmacyId: [33m1[39m, expiresAt: [33m1[39m, status: [33m1[39m }, { background: [33mtrue[39m })
[0;36mMongoose:[0m batches.createIndex({ pharmacyId: [33m1[39m, expiryDate: [33m1[39m, isActive: [33m1[39m }, { background: [33mtrue[39m })
[0;36mMongoose:[0m suppliers.createIndex({ pharmacyId: [33m1[39m, name: [33m1[39m }, { unique: [33mtrue[39m, background: [33mtrue[39m })
[0;36mMongoose:[0m auditlogs.createIndex({ pharmacyId: [33m1[39m, entity: [33m1[39m }, { background: [33mtrue[39m })
[0;36mMongoose:[0m parapharmacyproducts.createIndex({ pharmacyId: [33m1[39m, name: [33m1[39m }, { background: [33mtrue[39m })
[0;36mMongoose:[0m medicines.createIndex({ name: [32m'text'[39m, genericName: [32m'text'[39m }, { weights: { name: [33m10[39m, genericName: [33m5[39m }, background: [33mtrue[39m })
[0;36mMongoose:[0m sales.createIndex({ [32m'invoice.receiptNumber'[39m: [33m1[39m }, { unique: [33mtrue[39m, background: [33mtrue[39m })
[0;36mMongoose:[0m reservations.createIndex({ pharmacyId: [33m1[39m, createdAt: [33m-1[39m }, { background: [33mtrue[39m })
[0;36mMongoose:[0m suppliers.createIndex({ pharmacyId: [33m1[39m, type: [33m1[39m }, { background: [33mtrue[39m })
[0;36mMongoose:[0m batches.createIndex({ pharmacyId: [33m1[39m, remainingQty: [33m1[39m }, { background: [33mtrue[39m })
[0;36mMongoose:[0m auditlogs.createIndex({ createdAt: [33m1[39m }, { expireAfterSeconds: [33m157680000[39m, background: [33mtrue[39m })
[0;36mMongoose:[0m parapharmacyproducts.createIndex({ pharmacyId: [33m1[39m, isActive: [33m1[39m }, { background: [33mtrue[39m })
[0;36mMongoose:[0m suppliers.createIndex({ pharmacyId: [33m1[39m, isActive: [33m1[39m }, { background: [33mtrue[39m })
[0;36mMongoose:[0m parapharmacyproducts.createIndex({ pharmacyId: [33m1[39m, category: [33m1[39m }, { background: [33mtrue[39m })
[0;36mMongoose:[0m parapharmacyproducts.createIndex({ name: [32m'text'[39m, brand: [32m'text'[39m }, { weights: { name: [33m10[39m, brand: [33m5[39m }, background: [33mtrue[39m })
[32m[nodemon] restarting due to changes...[39m
[32m[nodemon] starting `node src/server.js`[39m
[2026-04-27 23:20:52] [32minfo[39m: MongoDB connected: ac-kqnx0we-shard-00-01.jj9g0kc.mongodb.net
[2026-04-27 23:20:52] [33mwarn[39m: REDIS_URL not set - Redis disabled
[2026-04-27 23:20:52] [32minfo[39m: [nearExpiry] Job scheduled — daily at 08:00
[2026-04-27 23:20:52] [32minfo[39m: [reservationExpiry] Job scheduled — every 15 minutes
[2026-04-27 23:20:52] [31merror[39m: Uncaught Exception: listen EADDRINUSE: address already in use :::5000
[31m[nodemon] app crashed - waiting for file changes before starting...[39m
[32m[nodemon] restarting due to changes...[39m
[32m[nodemon] starting `node src/server.js`[39m
[2026-04-27 23:21:26] [32minfo[39m: MongoDB connected: ac-kqnx0we-shard-00-02.jj9g0kc.mongodb.net
[2026-04-27 23:21:26] [33mwarn[39m: REDIS_URL not set - Redis disabled
[2026-04-27 23:21:26] [32minfo[39m: [nearExpiry] Job scheduled — daily at 08:00
[2026-04-27 23:21:26] [32minfo[39m: [reservationExpiry] Job scheduled — every 15 minutes
[2026-04-27 23:21:26] [31merror[39m: Uncaught Exception: listen EADDRINUSE: address already in use :::5000
[31m[nodemon] app crashed - waiting for file changes before starting...[39m
[32m[nodemon] restarting due to changes...[39m
[32m[nodemon] starting `node src/server.js`[39m
[2026-04-27 23:21:58] [32minfo[39m: MongoDB connected: ac-kqnx0we-shard-00-00.jj9g0kc.mongodb.net
[2026-04-27 23:21:58] [33mwarn[39m: REDIS_URL not set - Redis disabled
[2026-04-27 23:21:58] [32minfo[39m: [nearExpiry] Job scheduled — daily at 08:00
[2026-04-27 23:21:58] [32minfo[39m: [reservationExpiry] Job scheduled — every 15 minutes
[2026-04-27 23:21:58] [31merror[39m: Uncaught Exception: listen EADDRINUSE: address already in use :::5000
[31m[nodemon] app crashed - waiting for file changes before starting...[39m
[32m[nodemon] restarting due to changes...[39m
[32m[nodemon] starting `node src/server.js`[39m
[2026-04-27 23:22:28] [32minfo[39m: MongoDB connected: ac-kqnx0we-shard-00-02.jj9g0kc.mongodb.net
[2026-04-27 23:22:28] [33mwarn[39m: REDIS_URL not set - Redis disabled
[2026-04-27 23:22:28] [32minfo[39m: [nearExpiry] Job scheduled — daily at 08:00
[2026-04-27 23:22:28] [32minfo[39m: [reservationExpiry] Job scheduled — every 15 minutes
[2026-04-27 23:22:28] [32minfo[39m: Server running on port 5000 in development mode
[0;36mMongoose:[0m users.createIndex({ pharmacyId: [33m1[39m }, { background: [33mtrue[39m })
[0;36mMongoose:[0m auditlogs.createIndex({ pharmacyId: [33m1[39m }, { background: [33mtrue[39m })
[0;36mMongoose:[0m orders.createIndex({ pharmacyId: [33m1[39m }, { background: [33mtrue[39m })
[0;36mMongoose:[0m sales.createIndex({ pharmacyId: [33m1[39m }, { background: [33mtrue[39m })
[0;36mMongoose:[0m reservations.createIndex({ pharmacyId: [33m1[39m }, { background: [33mtrue[39m })
[0;36mMongoose:[0m deliveries.createIndex({ pharmacyId: [33m1[39m }, { background: [33mtrue[39m })
[0;36mMongoose:[0m suppliers.createIndex({ pharmacyId: [33m1[39m }, { background: [33mtrue[39m })
[0;36mMongoose:[0m medicines.createIndex({ pharmacyId: [33m1[39m }, { background: [33mtrue[39m })
[0;36mMongoose:[0m batches.createIndex({ pharmacyId: [33m1[39m }, { background: [33mtrue[39m })
[0;36mMongoose:[0m auditlogs.createIndex({ pharmacyId: [33m1[39m, createdAt: [33m-1[39m }, { background: [33mtrue[39m })
[0;36mMongoose:[0m orders.createIndex({ pharmacyId: [33m1[39m, status: [33m1[39m }, { background: [33mtrue[39m })
[0;36mMongoose:[0m sales.createIndex({ pharmacyId: [33m1[39m, cashierId: [33m1[39m }, { background: [33mtrue[39m })
[0;36mMongoose:[0m reservations.createIndex({ confirmationCode: [33m1[39m }, { unique: [33mtrue[39m, background: [33mtrue[39m })
[0;36mMongoose:[0m deliveries.createIndex({ pharmacyId: [33m1[39m, supplierId: [33m1[39m }, { background: [33mtrue[39m })
[0;36mMongoose:[0m suppliers.createIndex({ pharmacyId: [33m1[39m, name: [33m1[39m }, { unique: [33mtrue[39m, background: [33mtrue[39m })
[0;36mMongoose:[0m medicines.createIndex({ pharmacyId: [33m1[39m, name: [33m1[39m }, { background: [33mtrue[39m })
[0;36mMongoose:[0m batches.createIndex({ pharmacyId: [33m1[39m, medicineId: [33m1[39m, batchNumber: [33m1[39m }, { unique: [33mtrue[39m, background: [33mtrue[39m })
[0;36mMongoose:[0m auditlogs.createIndex({ pharmacyId: [33m1[39m, userId: [33m1[39m }, { background: [33mtrue[39m })
[0;36mMongoose:[0m orders.createIndex({ pharmacyId: [33m1[39m, supplierId: [33m1[39m }, { background: [33mtrue[39m })
[0;36mMongoose:[0m sales.createIndex({ pharmacyId: [33m1[39m, createdAt: [33m-1[39m }, { background: [33mtrue[39m })
[0;36mMongoose:[0m reservations.createIndex({ pharmacyId: [33m1[39m, status: [33m1[39m }, { background: [33mtrue[39m })
[0;36mMongoose:[0m deliveries.createIndex({ pharmacyId: [33m1[39m, deliveryDate: [33m-1[39m }, { background: [33mtrue[39m })
[0;36mMongoose:[0m suppliers.createIndex({ pharmacyId: [33m1[39m, type: [33m1[39m }, { background: [33mtrue[39m })
[0;36mMongoose:[0m users.createIndex({ pharmacyId: [33m1[39m, email: [33m1[39m }, { unique: [33mtrue[39m, background: [33mtrue[39m })
[0;36mMongoose:[0m parapharmacyproducts.createIndex({ pharmacyId: [33m1[39m }, { background: [33mtrue[39m })
[0;36mMongoose:[0m orders.createIndex({ pharmacyId: [33m1[39m, createdAt: [33m-1[39m }, { background: [33mtrue[39m })
[0;36mMongoose:[0m sales.createIndex({ pharmacyId: [33m1[39m, approvalStatus: [33m1[39m }, { background: [33mtrue[39m })
[0;36mMongoose:[0m reservations.createIndex({ pharmacyId: [33m1[39m, expiresAt: [33m1[39m, status: [33m1[39m }, { background: [33mtrue[39m })
[0;36mMongoose:[0m auditlogs.createIndex({ pharmacyId: [33m1[39m, action: [33m1[39m }, { background: [33mtrue[39m })
[0;36mMongoose:[0m suppliers.createIndex({ pharmacyId: [33m1[39m, isActive: [33m1[39m }, { background: [33mtrue[39m })
[0;36mMongoose:[0m users.createIndex({ pharmacyId: [33m1[39m, role: [33m1[39m }, { background: [33mtrue[39m })
[0;36mMongoose:[0m parapharmacyproducts.createIndex({ pharmacyId: [33m1[39m, name: [33m1[39m }, { background: [33mtrue[39m })
[0;36mMongoose:[0m sales.createIndex({ [32m'invoice.receiptNumber'[39m: [33m1[39m }, { unique: [33mtrue[39m, background: [33mtrue[39m })
[0;36mMongoose:[0m auditlogs.createIndex({ pharmacyId: [33m1[39m, entity: [33m1[39m }, { background: [33mtrue[39m })
[0;36mMongoose:[0m reservations.createIndex({ pharmacyId: [33m1[39m, createdAt: [33m-1[39m }, { background: [33mtrue[39m })
[0;36mMongoose:[0m parapharmacyproducts.createIndex({ pharmacyId: [33m1[39m, isActive: [33m1[39m }, { background: [33mtrue[39m })
[0;36mMongoose:[0m auditlogs.createIndex({ createdAt: [33m1[39m }, { expireAfterSeconds: [33m157680000[39m, background: [33mtrue[39m })
[0;36mMongoose:[0m parapharmacyproducts.createIndex({ pharmacyId: [33m1[39m, category: [33m1[39m }, { background: [33mtrue[39m })
[0;36mMongoose:[0m medicines.createIndex({ pharmacyId: [33m1[39m, isActive: [33m1[39m }, { background: [33mtrue[39m })
[0;36mMongoose:[0m batches.createIndex({ pharmacyId: [33m1[39m, medicineId: [33m1[39m, expiryDate: [33m1[39m }, { background: [33mtrue[39m })
[0;36mMongoose:[0m parapharmacyproducts.createIndex({ name: [32m'text'[39m, brand: [32m'text'[39m }, { weights: { name: [33m10[39m, brand: [33m5[39m }, background: [33mtrue[39m })
[0;36mMongoose:[0m medicines.createIndex({ pharmacyId: [33m1[39m, category: [33m1[39m }, { background: [33mtrue[39m })
[0;36mMongoose:[0m batches.createIndex({ pharmacyId: [33m1[39m, expiryDate: [33m1[39m, isActive: [33m1[39m }, { background: [33mtrue[39m })
[0;36mMongoose:[0m medicines.createIndex({ name: [32m'text'[39m, genericName: [32m'text'[39m }, { weights: { name: [33m10[39m, genericName: [33m5[39m }, background: [33mtrue[39m })
[0;36mMongoose:[0m batches.createIndex({ pharmacyId: [33m1[39m, remainingQty: [33m1[39m }, { background: [33mtrue[39m })
[32m[nodemon] restarting due to changes...[39m
[32m[nodemon] starting `node src/server.js`[39m
[2026-04-27 23:22:57] [32minfo[39m: MongoDB connected: ac-kqnx0we-shard-00-01.jj9g0kc.mongodb.net
[2026-04-27 23:22:57] [33mwarn[39m: REDIS_URL not set - Redis disabled
[2026-04-27 23:22:57] [32minfo[39m: [nearExpiry] Job scheduled — daily at 08:00
[2026-04-27 23:22:57] [32minfo[39m: [reservationExpiry] Job scheduled — every 15 minutes
[2026-04-27 23:22:57] [31merror[39m: Uncaught Exception: listen EADDRINUSE: address already in use :::5000
[31m[nodemon] app crashed - waiting for file changes before starting...[39m
[32m[nodemon] restarting due to changes...[39m
[32m[nodemon] starting `node src/server.js`[39m
[2026-04-27 23:23:18] [32minfo[39m: MongoDB connected: ac-kqnx0we-shard-00-00.jj9g0kc.mongodb.net
[2026-04-27 23:23:18] [33mwarn[39m: REDIS_URL not set - Redis disabled
[2026-04-27 23:23:18] [32minfo[39m: [nearExpiry] Job scheduled — daily at 08:00
[2026-04-27 23:23:18] [32minfo[39m: [reservationExpiry] Job scheduled — every 15 minutes
[2026-04-27 23:23:18] [32minfo[39m: Server running on port 5000 in development mode
[0;36mMongoose:[0m users.createIndex({ pharmacyId: [33m1[39m }, { background: [33mtrue[39m })
[0;36mMongoose:[0m auditlogs.createIndex({ pharmacyId: [33m1[39m }, { background: [33mtrue[39m })
[0;36mMongoose:[0m orders.createIndex({ pharmacyId: [33m1[39m }, { background: [33mtrue[39m })
[0;36mMongoose:[0m sales.createIndex({ pharmacyId: [33m1[39m }, { background: [33mtrue[39m })
[0;36mMongoose:[0m reservations.createIndex({ pharmacyId: [33m1[39m }, { background: [33mtrue[39m })
[0;36mMongoose:[0m deliveries.createIndex({ pharmacyId: [33m1[39m }, { background: [33mtrue[39m })
[0;36mMongoose:[0m batches.createIndex({ pharmacyId: [33m1[39m }, { background: [33mtrue[39m })
[0;36mMongoose:[0m medicines.createIndex({ pharmacyId: [33m1[39m }, { background: [33mtrue[39m })
[0;36mMongoose:[0m users.createIndex({ pharmacyId: [33m1[39m, email: [33m1[39m }, { unique: [33mtrue[39m, background: [33mtrue[39m })
[0;36mMongoose:[0m auditlogs.createIndex({ pharmacyId: [33m1[39m, createdAt: [33m-1[39m }, { background: [33mtrue[39m })
[0;36mMongoose:[0m sales.createIndex({ pharmacyId: [33m1[39m, cashierId: [33m1[39m }, { background: [33mtrue[39m })
[0;36mMongoose:[0m orders.createIndex({ pharmacyId: [33m1[39m, status: [33m1[39m }, { background: [33mtrue[39m })
[0;36mMongoose:[0m deliveries.createIndex({ pharmacyId: [33m1[39m, supplierId: [33m1[39m }, { background: [33mtrue[39m })
[0;36mMongoose:[0m reservations.createIndex({ confirmationCode: [33m1[39m }, { unique: [33mtrue[39m, background: [33mtrue[39m })
[0;36mMongoose:[0m batches.createIndex({ pharmacyId: [33m1[39m, medicineId: [33m1[39m, batchNumber: [33m1[39m }, { unique: [33mtrue[39m, background: [33mtrue[39m })
[0;36mMongoose:[0m medicines.createIndex({ pharmacyId: [33m1[39m, name: [33m1[39m }, { background: [33mtrue[39m })
[0;36mMongoose:[0m users.createIndex({ pharmacyId: [33m1[39m, role: [33m1[39m }, { background: [33mtrue[39m })
[0;36mMongoose:[0m auditlogs.createIndex({ pharmacyId: [33m1[39m, userId: [33m1[39m }, { background: [33mtrue[39m })
[0;36mMongoose:[0m sales.createIndex({ pharmacyId: [33m1[39m, createdAt: [33m-1[39m }, { background: [33mtrue[39m })
[0;36mMongoose:[0m orders.createIndex({ pharmacyId: [33m1[39m, supplierId: [33m1[39m }, { background: [33mtrue[39m })
[0;36mMongoose:[0m deliveries.createIndex({ pharmacyId: [33m1[39m, deliveryDate: [33m-1[39m }, { background: [33mtrue[39m })
[0;36mMongoose:[0m reservations.createIndex({ pharmacyId: [33m1[39m, status: [33m1[39m }, { background: [33mtrue[39m })
[0;36mMongoose:[0m batches.createIndex({ pharmacyId: [33m1[39m, medicineId: [33m1[39m, expiryDate: [33m1[39m }, { background: [33mtrue[39m })
[0;36mMongoose:[0m medicines.createIndex({ pharmacyId: [33m1[39m, isActive: [33m1[39m }, { background: [33mtrue[39m })
[0;36mMongoose:[0m suppliers.createIndex({ pharmacyId: [33m1[39m }, { background: [33mtrue[39m })
[0;36mMongoose:[0m parapharmacyproducts.createIndex({ pharmacyId: [33m1[39m }, { background: [33mtrue[39m })
[0;36mMongoose:[0m sales.createIndex({ pharmacyId: [33m1[39m, approvalStatus: [33m1[39m }, { background: [33mtrue[39m })
[0;36mMongoose:[0m orders.createIndex({ pharmacyId: [33m1[39m, createdAt: [33m-1[39m }, { background: [33mtrue[39m })
[0;36mMongoose:[0m reservations.createIndex({ pharmacyId: [33m1[39m, expiresAt: [33m1[39m, status: [33m1[39m }, { background: [33mtrue[39m })
[0;36mMongoose:[0m batches.createIndex({ pharmacyId: [33m1[39m, expiryDate: [33m1[39m, isActive: [33m1[39m }, { background: [33mtrue[39m })
[0;36mMongoose:[0m medicines.createIndex({ pharmacyId: [33m1[39m, category: [33m1[39m }, { background: [33mtrue[39m })
[0;36mMongoose:[0m suppliers.createIndex({ pharmacyId: [33m1[39m, name: [33m1[39m }, { unique: [33mtrue[39m, background: [33mtrue[39m })
[0;36mMongoose:[0m parapharmacyproducts.createIndex({ pharmacyId: [33m1[39m, name: [33m1[39m }, { background: [33mtrue[39m })
[0;36mMongoose:[0m sales.createIndex({ [32m'invoice.receiptNumber'[39m: [33m1[39m }, { unique: [33mtrue[39m, background: [33mtrue[39m })
[0;36mMongoose:[0m reservations.createIndex({ pharmacyId: [33m1[39m, createdAt: [33m-1[39m }, { background: [33mtrue[39m })
[0;36mMongoose:[0m batches.createIndex({ pharmacyId: [33m1[39m, remainingQty: [33m1[39m }, { background: [33mtrue[39m })
[0;36mMongoose:[0m medicines.createIndex({ name: [32m'text'[39m, genericName: [32m'text'[39m }, { weights: { name: [33m10[39m, genericName: [33m5[39m }, background: [33mtrue[39m })
[0;36mMongoose:[0m suppliers.createIndex({ pharmacyId: [33m1[39m, type: [33m1[39m }, { background: [33mtrue[39m })
[0;36mMongoose:[0m parapharmacyproducts.createIndex({ pharmacyId: [33m1[39m, isActive: [33m1[39m }, { background: [33mtrue[39m })
[0;36mMongoose:[0m suppliers.createIndex({ pharmacyId: [33m1[39m, isActive: [33m1[39m }, { background: [33mtrue[39m })
[0;36mMongoose:[0m parapharmacyproducts.createIndex({ pharmacyId: [33m1[39m, category: [33m1[39m }, { background: [33mtrue[39m })
[0;36mMongoose:[0m parapharmacyproducts.createIndex({ name: [32m'text'[39m, brand: [32m'text'[39m }, { weights: { name: [33m10[39m, brand: [33m5[39m }, background: [33mtrue[39m })
[0;36mMongoose:[0m auditlogs.createIndex({ pharmacyId: [33m1[39m, action: [33m1[39m }, { background: [33mtrue[39m })
[0;36mMongoose:[0m auditlogs.createIndex({ pharmacyId: [33m1[39m, entity: [33m1[39m }, { background: [33mtrue[39m })
[0;36mMongoose:[0m auditlogs.createIndex({ createdAt: [33m1[39m }, { expireAfterSeconds: [33m157680000[39m, background: [33mtrue[39m })
[32m[nodemon] restarting due to changes...[39m
[32m[nodemon] starting `node src/server.js`[39m
[2026-04-27 23:23:46] [32minfo[39m: MongoDB connected: ac-kqnx0we-shard-00-02.jj9g0kc.mongodb.net
[2026-04-27 23:23:46] [33mwarn[39m: REDIS_URL not set - Redis disabled
[2026-04-27 23:23:46] [32minfo[39m: [nearExpiry] Job scheduled — daily at 08:00
[2026-04-27 23:23:46] [32minfo[39m: [reservationExpiry] Job scheduled — every 15 minutes
[2026-04-27 23:23:46] [32minfo[39m: Server running on port 5000 in development mode
[0;36mMongoose:[0m users.createIndex({ pharmacyId: [33m1[39m }, { background: [33mtrue[39m })
[0;36mMongoose:[0m auditlogs.createIndex({ pharmacyId: [33m1[39m }, { background: [33mtrue[39m })
[0;36mMongoose:[0m orders.createIndex({ pharmacyId: [33m1[39m }, { background: [33mtrue[39m })
[0;36mMongoose:[0m sales.createIndex({ pharmacyId: [33m1[39m }, { background: [33mtrue[39m })
[0;36mMongoose:[0m reservations.createIndex({ pharmacyId: [33m1[39m }, { background: [33mtrue[39m })
[0;36mMongoose:[0m deliveries.createIndex({ pharmacyId: [33m1[39m }, { background: [33mtrue[39m })
[0;36mMongoose:[0m suppliers.createIndex({ pharmacyId: [33m1[39m }, { background: [33mtrue[39m })
[0;36mMongoose:[0m medicines.createIndex({ pharmacyId: [33m1[39m }, { background: [33mtrue[39m })
[0;36mMongoose:[0m batches.createIndex({ pharmacyId: [33m1[39m }, { background: [33mtrue[39m })
[0;36mMongoose:[0m auditlogs.createIndex({ pharmacyId: [33m1[39m, createdAt: [33m-1[39m }, { background: [33mtrue[39m })
[0;36mMongoose:[0m orders.createIndex({ pharmacyId: [33m1[39m, status: [33m1[39m }, { background: [33mtrue[39m })
[0;36mMongoose:[0m sales.createIndex({ pharmacyId: [33m1[39m, cashierId: [33m1[39m }, { background: [33mtrue[39m })
[0;36mMongoose:[0m reservations.createIndex({ confirmationCode: [33m1[39m }, { unique: [33mtrue[39m, background: [33mtrue[39m })
[0;36mMongoose:[0m deliveries.createIndex({ pharmacyId: [33m1[39m, supplierId: [33m1[39m }, { background: [33mtrue[39m })
[0;36mMongoose:[0m suppliers.createIndex({ pharmacyId: [33m1[39m, name: [33m1[39m }, { unique: [33mtrue[39m, background: [33mtrue[39m })
[0;36mMongoose:[0m medicines.createIndex({ pharmacyId: [33m1[39m, name: [33m1[39m }, { background: [33mtrue[39m })
[0;36mMongoose:[0m batches.createIndex({ pharmacyId: [33m1[39m, medicineId: [33m1[39m, batchNumber: [33m1[39m }, { unique: [33mtrue[39m, background: [33mtrue[39m })
[0;36mMongoose:[0m auditlogs.createIndex({ pharmacyId: [33m1[39m, userId: [33m1[39m }, { background: [33mtrue[39m })
[0;36mMongoose:[0m orders.createIndex({ pharmacyId: [33m1[39m, supplierId: [33m1[39m }, { background: [33mtrue[39m })
[0;36mMongoose:[0m sales.createIndex({ pharmacyId: [33m1[39m, createdAt: [33m-1[39m }, { background: [33mtrue[39m })
[0;36mMongoose:[0m reservations.createIndex({ pharmacyId: [33m1[39m, status: [33m1[39m }, { background: [33mtrue[39m })
[0;36mMongoose:[0m users.createIndex({ pharmacyId: [33m1[39m, email: [33m1[39m }, { unique: [33mtrue[39m, background: [33mtrue[39m })
[0;36mMongoose:[0m deliveries.createIndex({ pharmacyId: [33m1[39m, deliveryDate: [33m-1[39m }, { background: [33mtrue[39m })
[0;36mMongoose:[0m suppliers.createIndex({ pharmacyId: [33m1[39m, type: [33m1[39m }, { background: [33mtrue[39m })
[0;36mMongoose:[0m batches.createIndex({ pharmacyId: [33m1[39m, medicineId: [33m1[39m, expiryDate: [33m1[39m }, { background: [33mtrue[39m })
[0;36mMongoose:[0m parapharmacyproducts.createIndex({ pharmacyId: [33m1[39m }, { background: [33mtrue[39m })
[0;36mMongoose:[0m orders.createIndex({ pharmacyId: [33m1[39m, createdAt: [33m-1[39m }, { background: [33mtrue[39m })
[0;36mMongoose:[0m reservations.createIndex({ pharmacyId: [33m1[39m, expiresAt: [33m1[39m, status: [33m1[39m }, { background: [33mtrue[39m })
[0;36mMongoose:[0m sales.createIndex({ pharmacyId: [33m1[39m, approvalStatus: [33m1[39m }, { background: [33mtrue[39m })
[0;36mMongoose:[0m users.createIndex({ pharmacyId: [33m1[39m, role: [33m1[39m }, { background: [33mtrue[39m })
[0;36mMongoose:[0m suppliers.createIndex({ pharmacyId: [33m1[39m, isActive: [33m1[39m }, { background: [33mtrue[39m })
[0;36mMongoose:[0m parapharmacyproducts.createIndex({ pharmacyId: [33m1[39m, name: [33m1[39m }, { background: [33mtrue[39m })
[0;36mMongoose:[0m batches.createIndex({ pharmacyId: [33m1[39m, expiryDate: [33m1[39m, isActive: [33m1[39m }, { background: [33mtrue[39m })
[0;36mMongoose:[0m reservations.createIndex({ pharmacyId: [33m1[39m, createdAt: [33m-1[39m }, { background: [33mtrue[39m })
[0;36mMongoose:[0m sales.createIndex({ [32m'invoice.receiptNumber'[39m: [33m1[39m }, { unique: [33mtrue[39m, background: [33mtrue[39m })
[0;36mMongoose:[0m parapharmacyproducts.createIndex({ pharmacyId: [33m1[39m, isActive: [33m1[39m }, { background: [33mtrue[39m })
[0;36mMongoose:[0m batches.createIndex({ pharmacyId: [33m1[39m, remainingQty: [33m1[39m }, { background: [33mtrue[39m })
[0;36mMongoose:[0m parapharmacyproducts.createIndex({ pharmacyId: [33m1[39m, category: [33m1[39m }, { background: [33mtrue[39m })
[0;36mMongoose:[0m parapharmacyproducts.createIndex({ name: [32m'text'[39m, brand: [32m'text'[39m }, { weights: { name: [33m10[39m, brand: [33m5[39m }, background: [33mtrue[39m })
[0;36mMongoose:[0m medicines.createIndex({ pharmacyId: [33m1[39m, isActive: [33m1[39m }, { background: [33mtrue[39m })
[0;36mMongoose:[0m auditlogs.createIndex({ pharmacyId: [33m1[39m, action: [33m1[39m }, { background: [33mtrue[39m })
[0;36mMongoose:[0m medicines.createIndex({ pharmacyId: [33m1[39m, category: [33m1[39m }, { background: [33mtrue[39m })
[0;36mMongoose:[0m auditlogs.createIndex({ pharmacyId: [33m1[39m, entity: [33m1[39m }, { background: [33mtrue[39m })
[0;36mMongoose:[0m medicines.createIndex({ name: [32m'text'[39m, genericName: [32m'text'[39m }, { weights: { name: [33m10[39m, genericName: [33m5[39m }, background: [33mtrue[39m })
[0;36mMongoose:[0m auditlogs.createIndex({ createdAt: [33m1[39m }, { expireAfterSeconds: [33m157680000[39m, background: [33mtrue[39m })
[32m[nodemon] restarting due to changes...[39m
[32m[nodemon] starting `node src/server.js`[39m
[2026-04-27 23:24:27] [32minfo[39m: MongoDB connected: ac-kqnx0we-shard-00-00.jj9g0kc.mongodb.net
[2026-04-27 23:24:27] [33mwarn[39m: REDIS_URL not set - Redis disabled
[2026-04-27 23:24:27] [32minfo[39m: [nearExpiry] Job scheduled — daily at 08:00
[2026-04-27 23:24:27] [32minfo[39m: [reservationExpiry] Job scheduled — every 15 minutes
[2026-04-27 23:24:27] [32minfo[39m: Server running on port 5000 in development mode
[0;36mMongoose:[0m users.createIndex({ pharmacyId: [33m1[39m }, { background: [33mtrue[39m })
[0;36mMongoose:[0m auditlogs.createIndex({ pharmacyId: [33m1[39m }, { background: [33mtrue[39m })
[0;36mMongoose:[0m orders.createIndex({ pharmacyId: [33m1[39m }, { background: [33mtrue[39m })
[0;36mMongoose:[0m sales.createIndex({ pharmacyId: [33m1[39m }, { background: [33mtrue[39m })
[0;36mMongoose:[0m reservations.createIndex({ pharmacyId: [33m1[39m }, { background: [33mtrue[39m })
[0;36mMongoose:[0m deliveries.createIndex({ pharmacyId: [33m1[39m }, { background: [33mtrue[39m })
[0;36mMongoose:[0m medicines.createIndex({ pharmacyId: [33m1[39m }, { background: [33mtrue[39m })
[0;36mMongoose:[0m parapharmacyproducts.createIndex({ pharmacyId: [33m1[39m }, { background: [33mtrue[39m })
[0;36mMongoose:[0m batches.createIndex({ pharmacyId: [33m1[39m }, { background: [33mtrue[39m })
[0;36mMongoose:[0m auditlogs.createIndex({ pharmacyId: [33m1[39m, createdAt: [33m-1[39m }, { background: [33mtrue[39m })
[0;36mMongoose:[0m orders.createIndex({ pharmacyId: [33m1[39m, status: [33m1[39m }, { background: [33mtrue[39m })
[0;36mMongoose:[0m reservations.createIndex({ confirmationCode: [33m1[39m }, { unique: [33mtrue[39m, background: [33mtrue[39m })
[0;36mMongoose:[0m sales.createIndex({ pharmacyId: [33m1[39m, cashierId: [33m1[39m }, { background: [33mtrue[39m })
[0;36mMongoose:[0m deliveries.createIndex({ pharmacyId: [33m1[39m, supplierId: [33m1[39m }, { background: [33mtrue[39m })
[0;36mMongoose:[0m medicines.createIndex({ pharmacyId: [33m1[39m, name: [33m1[39m }, { background: [33mtrue[39m })
[0;36mMongoose:[0m batches.createIndex({ pharmacyId: [33m1[39m, medicineId: [33m1[39m, batchNumber: [33m1[39m }, { unique: [33mtrue[39m, background: [33mtrue[39m })
[0;36mMongoose:[0m parapharmacyproducts.createIndex({ pharmacyId: [33m1[39m, name: [33m1[39m }, { background: [33mtrue[39m })
[0;36mMongoose:[0m auditlogs.createIndex({ pharmacyId: [33m1[39m, userId: [33m1[39m }, { background: [33mtrue[39m })
[0;36mMongoose:[0m reservations.createIndex({ pharmacyId: [33m1[39m, status: [33m1[39m }, { background: [33mtrue[39m })
[0;36mMongoose:[0m orders.createIndex({ pharmacyId: [33m1[39m, supplierId: [33m1[39m }, { background: [33mtrue[39m })
[0;36mMongoose:[0m sales.createIndex({ pharmacyId: [33m1[39m, createdAt: [33m-1[39m }, { background: [33mtrue[39m })
[0;36mMongoose:[0m deliveries.createIndex({ pharmacyId: [33m1[39m, deliveryDate: [33m-1[39m }, { background: [33mtrue[39m })
[0;36mMongoose:[0m medicines.createIndex({ pharmacyId: [33m1[39m, isActive: [33m1[39m }, { background: [33mtrue[39m })
[0;36mMongoose:[0m batches.createIndex({ pharmacyId: [33m1[39m, medicineId: [33m1[39m, expiryDate: [33m1[39m }, { background: [33mtrue[39m })
[0;36mMongoose:[0m parapharmacyproducts.createIndex({ pharmacyId: [33m1[39m, isActive: [33m1[39m }, { background: [33mtrue[39m })
[0;36mMongoose:[0m auditlogs.createIndex({ pharmacyId: [33m1[39m, action: [33m1[39m }, { background: [33mtrue[39m })
[0;36mMongoose:[0m suppliers.createIndex({ pharmacyId: [33m1[39m }, { background: [33mtrue[39m })
[0;36mMongoose:[0m users.createIndex({ pharmacyId: [33m1[39m, email: [33m1[39m }, { unique: [33mtrue[39m, background: [33mtrue[39m })
[0;36mMongoose:[0m sales.createIndex({ pharmacyId: [33m1[39m, approvalStatus: [33m1[39m }, { background: [33mtrue[39m })
[0;36mMongoose:[0m medicines.createIndex({ pharmacyId: [33m1[39m, category: [33m1[39m }, { background: [33mtrue[39m })
[0;36mMongoose:[0m batches.createIndex({ pharmacyId: [33m1[39m, expiryDate: [33m1[39m, isActive: [33m1[39m }, { background: [33mtrue[39m })
[0;36mMongoose:[0m parapharmacyproducts.createIndex({ pharmacyId: [33m1[39m, category: [33m1[39m }, { background: [33mtrue[39m })
[0;36mMongoose:[0m auditlogs.createIndex({ pharmacyId: [33m1[39m, entity: [33m1[39m }, { background: [33mtrue[39m })
[0;36mMongoose:[0m suppliers.createIndex({ pharmacyId: [33m1[39m, name: [33m1[39m }, { unique: [33mtrue[39m, background: [33mtrue[39m })
[0;36mMongoose:[0m users.createIndex({ pharmacyId: [33m1[39m, role: [33m1[39m }, { background: [33mtrue[39m })
[0;36mMongoose:[0m sales.createIndex({ [32m'invoice.receiptNumber'[39m: [33m1[39m }, { unique: [33mtrue[39m, background: [33mtrue[39m })
[0;36mMongoose:[0m medicines.createIndex({ name: [32m'text'[39m, genericName: [32m'text'[39m }, { weights: { name: [33m10[39m, genericName: [33m5[39m }, background: [33mtrue[39m })
[0;36mMongoose:[0m batches.createIndex({ pharmacyId: [33m1[39m, remainingQty: [33m1[39m }, { background: [33mtrue[39m })
[0;36mMongoose:[0m parapharmacyproducts.createIndex({ name: [32m'text'[39m, brand: [32m'text'[39m }, { weights: { name: [33m10[39m, brand: [33m5[39m }, background: [33mtrue[39m })
[0;36mMongoose:[0m auditlogs.createIndex({ createdAt: [33m1[39m }, { expireAfterSeconds: [33m157680000[39m, background: [33mtrue[39m })
[0;36mMongoose:[0m suppliers.createIndex({ pharmacyId: [33m1[39m, type: [33m1[39m }, { background: [33mtrue[39m })
[0;36mMongoose:[0m suppliers.createIndex({ pharmacyId: [33m1[39m, isActive: [33m1[39m }, { background: [33mtrue[39m })
[0;36mMongoose:[0m reservations.createIndex({ pharmacyId: [33m1[39m, expiresAt: [33m1[39m, status: [33m1[39m }, { background: [33mtrue[39m })
[0;36mMongoose:[0m orders.createIndex({ pharmacyId: [33m1[39m, createdAt: [33m-1[39m }, { background: [33mtrue[39m })
[0;36mMongoose:[0m reservations.createIndex({ pharmacyId: [33m1[39m, createdAt: [33m-1[39m }, { background: [33mtrue[39m })
[32m[nodemon] restarting due to changes...[39m
[32m[nodemon] starting `node src/server.js`[39m
[2026-04-27 23:25:32] [32minfo[39m: MongoDB connected: ac-kqnx0we-shard-00-00.jj9g0kc.mongodb.net
[2026-04-27 23:25:32] [33mwarn[39m: REDIS_URL not set - Redis disabled
[2026-04-27 23:25:32] [32minfo[39m: [nearExpiry] Job scheduled — daily at 08:00
[2026-04-27 23:25:32] [32minfo[39m: [reservationExpiry] Job scheduled — every 15 minutes
[2026-04-27 23:25:32] [32minfo[39m: Server running on port 5000 in development mode
[0;36mMongoose:[0m users.createIndex({ pharmacyId: [33m1[39m }, { background: [33mtrue[39m })
[0;36mMongoose:[0m auditlogs.createIndex({ pharmacyId: [33m1[39m }, { background: [33mtrue[39m })
[0;36mMongoose:[0m orders.createIndex({ pharmacyId: [33m1[39m }, { background: [33mtrue[39m })
[0;36mMongoose:[0m sales.createIndex({ pharmacyId: [33m1[39m }, { background: [33mtrue[39m })
[0;36mMongoose:[0m reservations.createIndex({ pharmacyId: [33m1[39m }, { background: [33mtrue[39m })
[0;36mMongoose:[0m deliveries.createIndex({ pharmacyId: [33m1[39m }, { background: [33mtrue[39m })
[0;36mMongoose:[0m medicines.createIndex({ pharmacyId: [33m1[39m }, { background: [33mtrue[39m })
[0;36mMongoose:[0m parapharmacyproducts.createIndex({ pharmacyId: [33m1[39m }, { background: [33mtrue[39m })
[0;36mMongoose:[0m users.createIndex({ pharmacyId: [33m1[39m, email: [33m1[39m }, { unique: [33mtrue[39m, background: [33mtrue[39m })
[0;36mMongoose:[0m batches.createIndex({ pharmacyId: [33m1[39m }, { background: [33mtrue[39m })
[0;36mMongoose:[0m orders.createIndex({ pharmacyId: [33m1[39m, status: [33m1[39m }, { background: [33mtrue[39m })
[0;36mMongoose:[0m reservations.createIndex({ confirmationCode: [33m1[39m }, { unique: [33mtrue[39m, background: [33mtrue[39m })
[0;36mMongoose:[0m sales.createIndex({ pharmacyId: [33m1[39m, cashierId: [33m1[39m }, { background: [33mtrue[39m })
[0;36mMongoose:[0m deliveries.createIndex({ pharmacyId: [33m1[39m, supplierId: [33m1[39m }, { background: [33mtrue[39m })
[0;36mMongoose:[0m medicines.createIndex({ pharmacyId: [33m1[39m, name: [33m1[39m }, { background: [33mtrue[39m })
[0;36mMongoose:[0m parapharmacyproducts.createIndex({ pharmacyId: [33m1[39m, name: [33m1[39m }, { background: [33mtrue[39m })
[0;36mMongoose:[0m users.createIndex({ pharmacyId: [33m1[39m, role: [33m1[39m }, { background: [33mtrue[39m })
[0;36mMongoose:[0m batches.createIndex({ pharmacyId: [33m1[39m, medicineId: [33m1[39m, batchNumber: [33m1[39m }, { unique: [33mtrue[39m, background: [33mtrue[39m })
[0;36mMongoose:[0m orders.createIndex({ pharmacyId: [33m1[39m, supplierId: [33m1[39m }, { background: [33mtrue[39m })
[0;36mMongoose:[0m reservations.createIndex({ pharmacyId: [33m1[39m, status: [33m1[39m }, { background: [33mtrue[39m })
[0;36mMongoose:[0m sales.createIndex({ pharmacyId: [33m1[39m, createdAt: [33m-1[39m }, { background: [33mtrue[39m })
[0;36mMongoose:[0m deliveries.createIndex({ pharmacyId: [33m1[39m, deliveryDate: [33m-1[39m }, { background: [33mtrue[39m })
[0;36mMongoose:[0m medicines.createIndex({ pharmacyId: [33m1[39m, isActive: [33m1[39m }, { background: [33mtrue[39m })
[0;36mMongoose:[0m parapharmacyproducts.createIndex({ pharmacyId: [33m1[39m, isActive: [33m1[39m }, { background: [33mtrue[39m })
[0;36mMongoose:[0m batches.createIndex({ pharmacyId: [33m1[39m, medicineId: [33m1[39m, expiryDate: [33m1[39m }, { background: [33mtrue[39m })
[0;36mMongoose:[0m orders.createIndex({ pharmacyId: [33m1[39m, createdAt: [33m-1[39m }, { background: [33mtrue[39m })
[0;36mMongoose:[0m suppliers.createIndex({ pharmacyId: [33m1[39m }, { background: [33mtrue[39m })
[0;36mMongoose:[0m auditlogs.createIndex({ pharmacyId: [33m1[39m, createdAt: [33m-1[39m }, { background: [33mtrue[39m })
[0;36mMongoose:[0m medicines.createIndex({ pharmacyId: [33m1[39m, category: [33m1[39m }, { background: [33mtrue[39m })
[0;36mMongoose:[0m parapharmacyproducts.createIndex({ pharmacyId: [33m1[39m, category: [33m1[39m }, { background: [33mtrue[39m })
[0;36mMongoose:[0m batches.createIndex({ pharmacyId: [33m1[39m, expiryDate: [33m1[39m, isActive: [33m1[39m }, { background: [33mtrue[39m })
[0;36mMongoose:[0m suppliers.createIndex({ pharmacyId: [33m1[39m, name: [33m1[39m }, { unique: [33mtrue[39m, background: [33mtrue[39m })
[0;36mMongoose:[0m auditlogs.createIndex({ pharmacyId: [33m1[39m, userId: [33m1[39m }, { background: [33mtrue[39m })
[0;36mMongoose:[0m medicines.createIndex({ name: [32m'text'[39m, genericName: [32m'text'[39m }, { weights: { name: [33m10[39m, genericName: [33m5[39m }, background: [33mtrue[39m })
[0;36mMongoose:[0m parapharmacyproducts.createIndex({ name: [32m'text'[39m, brand: [32m'text'[39m }, { weights: { name: [33m10[39m, brand: [33m5[39m }, background: [33mtrue[39m })
[0;36mMongoose:[0m batches.createIndex({ pharmacyId: [33m1[39m, remainingQty: [33m1[39m }, { background: [33mtrue[39m })
[0;36mMongoose:[0m suppliers.createIndex({ pharmacyId: [33m1[39m, type: [33m1[39m }, { background: [33mtrue[39m })
[0;36mMongoose:[0m auditlogs.createIndex({ pharmacyId: [33m1[39m, action: [33m1[39m }, { background: [33mtrue[39m })
[0;36mMongoose:[0m suppliers.createIndex({ pharmacyId: [33m1[39m, isActive: [33m1[39m }, { background: [33mtrue[39m })
[0;36mMongoose:[0m auditlogs.createIndex({ pharmacyId: [33m1[39m, entity: [33m1[39m }, { background: [33mtrue[39m })
[0;36mMongoose:[0m auditlogs.createIndex({ createdAt: [33m1[39m }, { expireAfterSeconds: [33m157680000[39m, background: [33mtrue[39m })
[0;36mMongoose:[0m reservations.createIndex({ pharmacyId: [33m1[39m, expiresAt: [33m1[39m, status: [33m1[39m }, { background: [33mtrue[39m })
[0;36mMongoose:[0m sales.createIndex({ pharmacyId: [33m1[39m, approvalStatus: [33m1[39m }, { background: [33mtrue[39m })
[0;36mMongoose:[0m reservations.createIndex({ pharmacyId: [33m1[39m, createdAt: [33m-1[39m }, { background: [33mtrue[39m })
[0;36mMongoose:[0m sales.createIndex({ [32m'invoice.receiptNumber'[39m: [33m1[39m }, { unique: [33mtrue[39m, background: [33mtrue[39m })
[32m[nodemon] restarting due to changes...[39m
[32m[nodemon] starting `node src/server.js`[39m
[2026-04-27 23:26:07] [32minfo[39m: MongoDB connected: ac-kqnx0we-shard-00-02.jj9g0kc.mongodb.net
[2026-04-27 23:26:07] [33mwarn[39m: REDIS_URL not set - Redis disabled
[2026-04-27 23:26:07] [32minfo[39m: [nearExpiry] Job scheduled — daily at 08:00
[2026-04-27 23:26:07] [32minfo[39m: [reservationExpiry] Job scheduled — every 15 minutes
[2026-04-27 23:26:07] [31merror[39m: Uncaught Exception: listen EADDRINUSE: address already in use :::5000
[31m[nodemon] app crashed - waiting for file changes before starting...[39m
[32m[nodemon] restarting due to changes...[39m
[32m[nodemon] starting `node src/server.js`[39m
[2026-04-27 23:26:34] [32minfo[39m: MongoDB connected: ac-kqnx0we-shard-00-00.jj9g0kc.mongodb.net
[2026-04-27 23:26:34] [33mwarn[39m: REDIS_URL not set - Redis disabled
[2026-04-27 23:26:34] [32minfo[39m: [nearExpiry] Job scheduled — daily at 08:00
[2026-04-27 23:26:34] [32minfo[39m: [reservationExpiry] Job scheduled — every 15 minutes
[2026-04-27 23:26:34] [32minfo[39m: Server running on port 5000 in development mode
[0;36mMongoose:[0m users.createIndex({ pharmacyId: [33m1[39m }, { background: [33mtrue[39m })
[0;36mMongoose:[0m auditlogs.createIndex({ pharmacyId: [33m1[39m }, { background: [33mtrue[39m })
[0;36mMongoose:[0m orders.createIndex({ pharmacyId: [33m1[39m }, { background: [33mtrue[39m })
[0;36mMongoose:[0m sales.createIndex({ pharmacyId: [33m1[39m }, { background: [33mtrue[39m })
[0;36mMongoose:[0m reservations.createIndex({ pharmacyId: [33m1[39m }, { background: [33mtrue[39m })
[0;36mMongoose:[0m deliveries.createIndex({ pharmacyId: [33m1[39m }, { background: [33mtrue[39m })
[0;36mMongoose:[0m medicines.createIndex({ pharmacyId: [33m1[39m }, { background: [33mtrue[39m })
[0;36mMongoose:[0m parapharmacyproducts.createIndex({ pharmacyId: [33m1[39m }, { background: [33mtrue[39m })
[0;36mMongoose:[0m batches.createIndex({ pharmacyId: [33m1[39m }, { background: [33mtrue[39m })
[0;36mMongoose:[0m auditlogs.createIndex({ pharmacyId: [33m1[39m, createdAt: [33m-1[39m }, { background: [33mtrue[39m })
[0;36mMongoose:[0m orders.createIndex({ pharmacyId: [33m1[39m, status: [33m1[39m }, { background: [33mtrue[39m })
[0;36mMongoose:[0m sales.createIndex({ pharmacyId: [33m1[39m, cashierId: [33m1[39m }, { background: [33mtrue[39m })
[0;36mMongoose:[0m reservations.createIndex({ confirmationCode: [33m1[39m }, { unique: [33mtrue[39m, background: [33mtrue[39m })
[0;36mMongoose:[0m deliveries.createIndex({ pharmacyId: [33m1[39m, supplierId: [33m1[39m }, { background: [33mtrue[39m })
[0;36mMongoose:[0m medicines.createIndex({ pharmacyId: [33m1[39m, name: [33m1[39m }, { background: [33mtrue[39m })
[0;36mMongoose:[0m parapharmacyproducts.createIndex({ pharmacyId: [33m1[39m, name: [33m1[39m }, { background: [33mtrue[39m })
[0;36mMongoose:[0m batches.createIndex({ pharmacyId: [33m1[39m, medicineId: [33m1[39m, batchNumber: [33m1[39m }, { unique: [33mtrue[39m, background: [33mtrue[39m })
[0;36mMongoose:[0m auditlogs.createIndex({ pharmacyId: [33m1[39m, userId: [33m1[39m }, { background: [33mtrue[39m })
[0;36mMongoose:[0m orders.createIndex({ pharmacyId: [33m1[39m, supplierId: [33m1[39m }, { background: [33mtrue[39m })
[0;36mMongoose:[0m sales.createIndex({ pharmacyId: [33m1[39m, createdAt: [33m-1[39m }, { background: [33mtrue[39m })
[0;36mMongoose:[0m suppliers.createIndex({ pharmacyId: [33m1[39m }, { background: [33mtrue[39m })
[0;36mMongoose:[0m reservations.createIndex({ pharmacyId: [33m1[39m, status: [33m1[39m }, { background: [33mtrue[39m })
[0;36mMongoose:[0m medicines.createIndex({ pharmacyId: [33m1[39m, isActive: [33m1[39m }, { background: [33mtrue[39m })
[0;36mMongoose:[0m parapharmacyproducts.createIndex({ pharmacyId: [33m1[39m, isActive: [33m1[39m }, { background: [33mtrue[39m })
[0;36mMongoose:[0m auditlogs.createIndex({ pharmacyId: [33m1[39m, action: [33m1[39m }, { background: [33mtrue[39m })
[0;36mMongoose:[0m orders.createIndex({ pharmacyId: [33m1[39m, createdAt: [33m-1[39m }, { background: [33mtrue[39m })
[0;36mMongoose:[0m batches.createIndex({ pharmacyId: [33m1[39m, medicineId: [33m1[39m, expiryDate: [33m1[39m }, { background: [33mtrue[39m })
[0;36mMongoose:[0m users.createIndex({ pharmacyId: [33m1[39m, email: [33m1[39m }, { unique: [33mtrue[39m, background: [33mtrue[39m })
[0;36mMongoose:[0m suppliers.createIndex({ pharmacyId: [33m1[39m, name: [33m1[39m }, { unique: [33mtrue[39m, background: [33mtrue[39m })
[0;36mMongoose:[0m reservations.createIndex({ pharmacyId: [33m1[39m, expiresAt: [33m1[39m, status: [33m1[39m }, { background: [33mtrue[39m })
[0;36mMongoose:[0m medicines.createIndex({ pharmacyId: [33m1[39m, category: [33m1[39m }, { background: [33mtrue[39m })
[0;36mMongoose:[0m parapharmacyproducts.createIndex({ pharmacyId: [33m1[39m, category: [33m1[39m }, { background: [33mtrue[39m })
[0;36mMongoose:[0m auditlogs.createIndex({ pharmacyId: [33m1[39m, entity: [33m1[39m }, { background: [33mtrue[39m })
[0;36mMongoose:[0m batches.createIndex({ pharmacyId: [33m1[39m, expiryDate: [33m1[39m, isActive: [33m1[39m }, { background: [33mtrue[39m })
[0;36mMongoose:[0m users.createIndex({ pharmacyId: [33m1[39m, role: [33m1[39m }, { background: [33mtrue[39m })
[0;36mMongoose:[0m suppliers.createIndex({ pharmacyId: [33m1[39m, type: [33m1[39m }, { background: [33mtrue[39m })
[0;36mMongoose:[0m reservations.createIndex({ pharmacyId: [33m1[39m, createdAt: [33m-1[39m }, { background: [33mtrue[39m })
[0;36mMongoose:[0m medicines.createIndex({ name: [32m'text'[39m, genericName: [32m'text'[39m }, { weights: { name: [33m10[39m, genericName: [33m5[39m }, background: [33mtrue[39m })
[0;36mMongoose:[0m parapharmacyproducts.createIndex({ name: [32m'text'[39m, brand: [32m'text'[39m }, { weights: { name: [33m10[39m, brand: [33m5[39m }, background: [33mtrue[39m })
[0;36mMongoose:[0m batches.createIndex({ pharmacyId: [33m1[39m, remainingQty: [33m1[39m }, { background: [33mtrue[39m })
[0;36mMongoose:[0m auditlogs.createIndex({ createdAt: [33m1[39m }, { expireAfterSeconds: [33m157680000[39m, background: [33mtrue[39m })
[0;36mMongoose:[0m suppliers.createIndex({ pharmacyId: [33m1[39m, isActive: [33m1[39m }, { background: [33mtrue[39m })
[0;36mMongoose:[0m deliveries.createIndex({ pharmacyId: [33m1[39m, deliveryDate: [33m-1[39m }, { background: [33mtrue[39m })
[0;36mMongoose:[0m sales.createIndex({ pharmacyId: [33m1[39m, approvalStatus: [33m1[39m }, { background: [33mtrue[39m })
[0;36mMongoose:[0m sales.createIndex({ [32m'invoice.receiptNumber'[39m: [33m1[39m }, { unique: [33mtrue[39m, background: [33mtrue[39m })
[32m[nodemon] restarting due to changes...[39m
[32m[nodemon] starting `node src/server.js`[39m
[2026-04-27 23:26:59] [32minfo[39m: MongoDB connected: ac-kqnx0we-shard-00-02.jj9g0kc.mongodb.net
[2026-04-27 23:26:59] [33mwarn[39m: REDIS_URL not set - Redis disabled
[2026-04-27 23:26:59] [32minfo[39m: [nearExpiry] Job scheduled — daily at 08:00
[2026-04-27 23:26:59] [32minfo[39m: [reservationExpiry] Job scheduled — every 15 minutes
[2026-04-27 23:26:59] [32minfo[39m: Server running on port 5000 in development mode
[0;36mMongoose:[0m users.createIndex({ pharmacyId: [33m1[39m }, { background: [33mtrue[39m })
[0;36mMongoose:[0m auditlogs.createIndex({ pharmacyId: [33m1[39m }, { background: [33mtrue[39m })
[0;36mMongoose:[0m orders.createIndex({ pharmacyId: [33m1[39m }, { background: [33mtrue[39m })
[0;36mMongoose:[0m sales.createIndex({ pharmacyId: [33m1[39m }, { background: [33mtrue[39m })
[0;36mMongoose:[0m reservations.createIndex({ pharmacyId: [33m1[39m }, { background: [33mtrue[39m })
[0;36mMongoose:[0m deliveries.createIndex({ pharmacyId: [33m1[39m }, { background: [33mtrue[39m })
[0;36mMongoose:[0m suppliers.createIndex({ pharmacyId: [33m1[39m }, { background: [33mtrue[39m })
[0;36mMongoose:[0m parapharmacyproducts.createIndex({ pharmacyId: [33m1[39m }, { background: [33mtrue[39m })
[0;36mMongoose:[0m batches.createIndex({ pharmacyId: [33m1[39m }, { background: [33mtrue[39m })
[0;36mMongoose:[0m medicines.createIndex({ pharmacyId: [33m1[39m }, { background: [33mtrue[39m })
[0;36mMongoose:[0m orders.createIndex({ pharmacyId: [33m1[39m, status: [33m1[39m }, { background: [33mtrue[39m })
[0;36mMongoose:[0m deliveries.createIndex({ pharmacyId: [33m1[39m, supplierId: [33m1[39m }, { background: [33mtrue[39m })
[0;36mMongoose:[0m sales.createIndex({ pharmacyId: [33m1[39m, cashierId: [33m1[39m }, { background: [33mtrue[39m })
[0;36mMongoose:[0m reservations.createIndex({ confirmationCode: [33m1[39m }, { unique: [33mtrue[39m, background: [33mtrue[39m })
[0;36mMongoose:[0m suppliers.createIndex({ pharmacyId: [33m1[39m, name: [33m1[39m }, { unique: [33mtrue[39m, background: [33mtrue[39m })
[0;36mMongoose:[0m parapharmacyproducts.createIndex({ pharmacyId: [33m1[39m, name: [33m1[39m }, { background: [33mtrue[39m })
[0;36mMongoose:[0m batches.createIndex({ pharmacyId: [33m1[39m, medicineId: [33m1[39m, batchNumber: [33m1[39m }, { unique: [33mtrue[39m, background: [33mtrue[39m })
[0;36mMongoose:[0m medicines.createIndex({ pharmacyId: [33m1[39m, name: [33m1[39m }, { background: [33mtrue[39m })
[0;36mMongoose:[0m deliveries.createIndex({ pharmacyId: [33m1[39m, deliveryDate: [33m-1[39m }, { background: [33mtrue[39m })
[0;36mMongoose:[0m orders.createIndex({ pharmacyId: [33m1[39m, supplierId: [33m1[39m }, { background: [33mtrue[39m })
[0;36mMongoose:[0m sales.createIndex({ pharmacyId: [33m1[39m, createdAt: [33m-1[39m }, { background: [33mtrue[39m })
[0;36mMongoose:[0m reservations.createIndex({ pharmacyId: [33m1[39m, status: [33m1[39m }, { background: [33mtrue[39m })
[0;36mMongoose:[0m suppliers.createIndex({ pharmacyId: [33m1[39m, type: [33m1[39m }, { background: [33mtrue[39m })
[0;36mMongoose:[0m parapharmacyproducts.createIndex({ pharmacyId: [33m1[39m, isActive: [33m1[39m }, { background: [33mtrue[39m })
[0;36mMongoose:[0m users.createIndex({ pharmacyId: [33m1[39m, email: [33m1[39m }, { unique: [33mtrue[39m, background: [33mtrue[39m })
[0;36mMongoose:[0m medicines.createIndex({ pharmacyId: [33m1[39m, isActive: [33m1[39m }, { background: [33mtrue[39m })
[0;36mMongoose:[0m auditlogs.createIndex({ pharmacyId: [33m1[39m, createdAt: [33m-1[39m }, { background: [33mtrue[39m })
[0;36mMongoose:[0m orders.createIndex({ pharmacyId: [33m1[39m, createdAt: [33m-1[39m }, { background: [33mtrue[39m })
[0;36mMongoose:[0m sales.createIndex({ pharmacyId: [33m1[39m, approvalStatus: [33m1[39m }, { background: [33mtrue[39m })
[0;36mMongoose:[0m reservations.createIndex({ pharmacyId: [33m1[39m, expiresAt: [33m1[39m, status: [33m1[39m }, { background: [33mtrue[39m })
[0;36mMongoose:[0m suppliers.createIndex({ pharmacyId: [33m1[39m, isActive: [33m1[39m }, { background: [33mtrue[39m })
[0;36mMongoose:[0m parapharmacyproducts.createIndex({ pharmacyId: [33m1[39m, category: [33m1[39m }, { background: [33mtrue[39m })
[0;36mMongoose:[0m users.createIndex({ pharmacyId: [33m1[39m, role: [33m1[39m }, { background: [33mtrue[39m })
[0;36mMongoose:[0m medicines.createIndex({ pharmacyId: [33m1[39m, category: [33m1[39m }, { background: [33mtrue[39m })
[0;36mMongoose:[0m auditlogs.createIndex({ pharmacyId: [33m1[39m, userId: [33m1[39m }, { background: [33mtrue[39m })
[0;36mMongoose:[0m sales.createIndex({ [32m'invoice.receiptNumber'[39m: [33m1[39m }, { unique: [33mtrue[39m, background: [33mtrue[39m })
[0;36mMongoose:[0m reservations.createIndex({ pharmacyId: [33m1[39m, createdAt: [33m-1[39m }, { background: [33mtrue[39m })
[0;36mMongoose:[0m parapharmacyproducts.createIndex({ name: [32m'text'[39m, brand: [32m'text'[39m }, { weights: { name: [33m10[39m, brand: [33m5[39m }, background: [33mtrue[39m })
[0;36mMongoose:[0m auditlogs.createIndex({ pharmacyId: [33m1[39m, action: [33m1[39m }, { background: [33mtrue[39m })
[0;36mMongoose:[0m medicines.createIndex({ name: [32m'text'[39m, genericName: [32m'text'[39m }, { weights: { name: [33m10[39m, genericName: [33m5[39m }, background: [33mtrue[39m })
[0;36mMongoose:[0m auditlogs.createIndex({ pharmacyId: [33m1[39m, entity: [33m1[39m }, { background: [33mtrue[39m })
[0;36mMongoose:[0m auditlogs.createIndex({ createdAt: [33m1[39m }, { expireAfterSeconds: [33m157680000[39m, background: [33mtrue[39m })
[0;36mMongoose:[0m batches.createIndex({ pharmacyId: [33m1[39m, medicineId: [33m1[39m, expiryDate: [33m1[39m }, { background: [33mtrue[39m })
[0;36mMongoose:[0m batches.createIndex({ pharmacyId: [33m1[39m, expiryDate: [33m1[39m, isActive: [33m1[39m }, { background: [33mtrue[39m })
[0;36mMongoose:[0m batches.createIndex({ pharmacyId: [33m1[39m, remainingQty: [33m1[39m }, { background: [33mtrue[39m })
[32m[nodemon] restarting due to changes...[39m
[32m[nodemon] starting `node src/server.js`[39m
[2026-04-27 23:27:25] [32minfo[39m: MongoDB connected: ac-kqnx0we-shard-00-01.jj9g0kc.mongodb.net
[2026-04-27 23:27:25] [33mwarn[39m: REDIS_URL not set - Redis disabled
[2026-04-27 23:27:25] [32minfo[39m: [nearExpiry] Job scheduled — daily at 08:00
[2026-04-27 23:27:25] [32minfo[39m: [reservationExpiry] Job scheduled — every 15 minutes
[2026-04-27 23:27:25] [32minfo[39m: Server running on port 5000 in development mode
[0;36mMongoose:[0m users.createIndex({ pharmacyId: [33m1[39m }, { background: [33mtrue[39m })
[0;36mMongoose:[0m auditlogs.createIndex({ pharmacyId: [33m1[39m }, { background: [33mtrue[39m })
[0;36mMongoose:[0m orders.createIndex({ pharmacyId: [33m1[39m }, { background: [33mtrue[39m })
[0;36mMongoose:[0m sales.createIndex({ pharmacyId: [33m1[39m }, { background: [33mtrue[39m })
[0;36mMongoose:[0m reservations.createIndex({ pharmacyId: [33m1[39m }, { background: [33mtrue[39m })
[0;36mMongoose:[0m deliveries.createIndex({ pharmacyId: [33m1[39m }, { background: [33mtrue[39m })
[0;36mMongoose:[0m suppliers.createIndex({ pharmacyId: [33m1[39m }, { background: [33mtrue[39m })
[0;36mMongoose:[0m parapharmacyproducts.createIndex({ pharmacyId: [33m1[39m }, { background: [33mtrue[39m })
[0;36mMongoose:[0m medicines.createIndex({ pharmacyId: [33m1[39m }, { background: [33mtrue[39m })
[0;36mMongoose:[0m batches.createIndex({ pharmacyId: [33m1[39m }, { background: [33mtrue[39m })
[0;36mMongoose:[0m orders.createIndex({ pharmacyId: [33m1[39m, status: [33m1[39m }, { background: [33mtrue[39m })
[0;36mMongoose:[0m sales.createIndex({ pharmacyId: [33m1[39m, cashierId: [33m1[39m }, { background: [33mtrue[39m })
[0;36mMongoose:[0m reservations.createIndex({ confirmationCode: [33m1[39m }, { unique: [33mtrue[39m, background: [33mtrue[39m })
[0;36mMongoose:[0m deliveries.createIndex({ pharmacyId: [33m1[39m, supplierId: [33m1[39m }, { background: [33mtrue[39m })
[0;36mMongoose:[0m suppliers.createIndex({ pharmacyId: [33m1[39m, name: [33m1[39m }, { unique: [33mtrue[39m, background: [33mtrue[39m })
[0;36mMongoose:[0m medicines.createIndex({ pharmacyId: [33m1[39m, name: [33m1[39m }, { background: [33mtrue[39m })
[0;36mMongoose:[0m parapharmacyproducts.createIndex({ pharmacyId: [33m1[39m, name: [33m1[39m }, { background: [33mtrue[39m })
[0;36mMongoose:[0m orders.createIndex({ pharmacyId: [33m1[39m, supplierId: [33m1[39m }, { background: [33mtrue[39m })
[0;36mMongoose:[0m batches.createIndex({ pharmacyId: [33m1[39m, medicineId: [33m1[39m, batchNumber: [33m1[39m }, { unique: [33mtrue[39m, background: [33mtrue[39m })
[0;36mMongoose:[0m sales.createIndex({ pharmacyId: [33m1[39m, createdAt: [33m-1[39m }, { background: [33mtrue[39m })
[0;36mMongoose:[0m reservations.createIndex({ pharmacyId: [33m1[39m, status: [33m1[39m }, { background: [33mtrue[39m })
[0;36mMongoose:[0m deliveries.createIndex({ pharmacyId: [33m1[39m, deliveryDate: [33m-1[39m }, { background: [33mtrue[39m })
[0;36mMongoose:[0m suppliers.createIndex({ pharmacyId: [33m1[39m, type: [33m1[39m }, { background: [33mtrue[39m })
[0;36mMongoose:[0m medicines.createIndex({ pharmacyId: [33m1[39m, isActive: [33m1[39m }, { background: [33mtrue[39m })
[0;36mMongoose:[0m parapharmacyproducts.createIndex({ pharmacyId: [33m1[39m, isActive: [33m1[39m }, { background: [33mtrue[39m })
[0;36mMongoose:[0m auditlogs.createIndex({ pharmacyId: [33m1[39m, createdAt: [33m-1[39m }, { background: [33mtrue[39m })
[0;36mMongoose:[0m orders.createIndex({ pharmacyId: [33m1[39m, createdAt: [33m-1[39m }, { background: [33mtrue[39m })
[0;36mMongoose:[0m users.createIndex({ pharmacyId: [33m1[39m, email: [33m1[39m }, { unique: [33mtrue[39m, background: [33mtrue[39m })
[0;36mMongoose:[0m reservations.createIndex({ pharmacyId: [33m1[39m, expiresAt: [33m1[39m, status: [33m1[39m }, { background: [33mtrue[39m })
[0;36mMongoose:[0m auditlogs.createIndex({ pharmacyId: [33m1[39m, userId: [33m1[39m }, { background: [33mtrue[39m })
[0;36mMongoose:[0m suppliers.createIndex({ pharmacyId: [33m1[39m, isActive: [33m1[39m }, { background: [33mtrue[39m })
[0;36mMongoose:[0m parapharmacyproducts.createIndex({ pharmacyId: [33m1[39m, category: [33m1[39m }, { background: [33mtrue[39m })
[0;36mMongoose:[0m medicines.createIndex({ pharmacyId: [33m1[39m, category: [33m1[39m }, { background: [33mtrue[39m })
[0;36mMongoose:[0m users.createIndex({ pharmacyId: [33m1[39m, role: [33m1[39m }, { background: [33mtrue[39m })
[0;36mMongoose:[0m reservations.createIndex({ pharmacyId: [33m1[39m, createdAt: [33m-1[39m }, { background: [33mtrue[39m })
[0;36mMongoose:[0m auditlogs.createIndex({ pharmacyId: [33m1[39m, action: [33m1[39m }, { background: [33mtrue[39m })
[0;36mMongoose:[0m parapharmacyproducts.createIndex({ name: [32m'text'[39m, brand: [32m'text'[39m }, { weights: { name: [33m10[39m, brand: [33m5[39m }, background: [33mtrue[39m })
[0;36mMongoose:[0m medicines.createIndex({ name: [32m'text'[39m, genericName: [32m'text'[39m }, { weights: { name: [33m10[39m, genericName: [33m5[39m }, background: [33mtrue[39m })
[0;36mMongoose:[0m auditlogs.createIndex({ pharmacyId: [33m1[39m, entity: [33m1[39m }, { background: [33mtrue[39m })
[0;36mMongoose:[0m auditlogs.createIndex({ createdAt: [33m1[39m }, { expireAfterSeconds: [33m157680000[39m, background: [33mtrue[39m })
[0;36mMongoose:[0m sales.createIndex({ pharmacyId: [33m1[39m, approvalStatus: [33m1[39m }, { background: [33mtrue[39m })
[0;36mMongoose:[0m batches.createIndex({ pharmacyId: [33m1[39m, medicineId: [33m1[39m, expiryDate: [33m1[39m }, { background: [33mtrue[39m })
[0;36mMongoose:[0m sales.createIndex({ [32m'invoice.receiptNumber'[39m: [33m1[39m }, { unique: [33mtrue[39m, background: [33mtrue[39m })
[0;36mMongoose:[0m batches.createIndex({ pharmacyId: [33m1[39m, expiryDate: [33m1[39m, isActive: [33m1[39m }, { background: [33mtrue[39m })
[0;36mMongoose:[0m batches.createIndex({ pharmacyId: [33m1[39m, remainingQty: [33m1[39m }, { background: [33mtrue[39m })
[32m[nodemon] restarting due to changes...[39m
[32m[nodemon] starting `node src/server.js`[39m
[2026-04-27 23:27:38] [32minfo[39m: MongoDB connected: ac-kqnx0we-shard-00-00.jj9g0kc.mongodb.net
[2026-04-27 23:27:38] [33mwarn[39m: REDIS_URL not set - Redis disabled
[2026-04-27 23:27:38] [32minfo[39m: [nearExpiry] Job scheduled — daily at 08:00
[2026-04-27 23:27:38] [32minfo[39m: [reservationExpiry] Job scheduled — every 15 minutes
[2026-04-27 23:27:38] [31merror[39m: Uncaught Exception: listen EADDRINUSE: address already in use :::5000
[31m[nodemon] app crashed - waiting for file changes before starting...[39m
[32m[nodemon] restarting due to changes...[39m
[32m[nodemon] starting `node src/server.js`[39m
[2026-04-27 23:28:03] [32minfo[39m: MongoDB connected: ac-kqnx0we-shard-00-02.jj9g0kc.mongodb.net
[2026-04-27 23:28:03] [33mwarn[39m: REDIS_URL not set - Redis disabled
[2026-04-27 23:28:03] [32minfo[39m: [nearExpiry] Job scheduled — daily at 08:00
[2026-04-27 23:28:03] [32minfo[39m: [reservationExpiry] Job scheduled — every 15 minutes
[2026-04-27 23:28:03] [31merror[39m: Uncaught Exception: listen EADDRINUSE: address already in use :::5000
[31m[nodemon] app crashed - waiting for file changes before starting...[39m
[32m[nodemon] restarting due to changes...[39m
[32m[nodemon] starting `node src/server.js`[39m
[2026-04-27 23:28:25] [32minfo[39m: MongoDB connected: ac-kqnx0we-shard-00-01.jj9g0kc.mongodb.net
[2026-04-27 23:28:25] [33mwarn[39m: REDIS_URL not set - Redis disabled
[2026-04-27 23:28:25] [32minfo[39m: [nearExpiry] Job scheduled — daily at 08:00
[2026-04-27 23:28:25] [32minfo[39m: [reservationExpiry] Job scheduled — every 15 minutes
[2026-04-27 23:28:25] [32minfo[39m: Server running on port 5000 in development mode
[0;36mMongoose:[0m users.createIndex({ pharmacyId: [33m1[39m }, { background: [33mtrue[39m })
[0;36mMongoose:[0m auditlogs.createIndex({ pharmacyId: [33m1[39m }, { background: [33mtrue[39m })
[0;36mMongoose:[0m orders.createIndex({ pharmacyId: [33m1[39m }, { background: [33mtrue[39m })
[0;36mMongoose:[0m sales.createIndex({ pharmacyId: [33m1[39m }, { background: [33mtrue[39m })
[0;36mMongoose:[0m reservations.createIndex({ pharmacyId: [33m1[39m }, { background: [33mtrue[39m })
[0;36mMongoose:[0m deliveries.createIndex({ pharmacyId: [33m1[39m }, { background: [33mtrue[39m })
[0;36mMongoose:[0m medicines.createIndex({ pharmacyId: [33m1[39m }, { background: [33mtrue[39m })
[0;36mMongoose:[0m batches.createIndex({ pharmacyId: [33m1[39m }, { background: [33mtrue[39m })
[0;36mMongoose:[0m users.createIndex({ pharmacyId: [33m1[39m, email: [33m1[39m }, { unique: [33mtrue[39m, background: [33mtrue[39m })
[0;36mMongoose:[0m auditlogs.createIndex({ pharmacyId: [33m1[39m, createdAt: [33m-1[39m }, { background: [33mtrue[39m })
[0;36mMongoose:[0m sales.createIndex({ pharmacyId: [33m1[39m, cashierId: [33m1[39m }, { background: [33mtrue[39m })
[0;36mMongoose:[0m orders.createIndex({ pharmacyId: [33m1[39m, status: [33m1[39m }, { background: [33mtrue[39m })
[0;36mMongoose:[0m reservations.createIndex({ confirmationCode: [33m1[39m }, { unique: [33mtrue[39m, background: [33mtrue[39m })
[0;36mMongoose:[0m medicines.createIndex({ pharmacyId: [33m1[39m, name: [33m1[39m }, { background: [33mtrue[39m })
[0;36mMongoose:[0m deliveries.createIndex({ pharmacyId: [33m1[39m, supplierId: [33m1[39m }, { background: [33mtrue[39m })
[0;36mMongoose:[0m batches.createIndex({ pharmacyId: [33m1[39m, medicineId: [33m1[39m, batchNumber: [33m1[39m }, { unique: [33mtrue[39m, background: [33mtrue[39m })
[0;36mMongoose:[0m users.createIndex({ pharmacyId: [33m1[39m, role: [33m1[39m }, { background: [33mtrue[39m })
[0;36mMongoose:[0m auditlogs.createIndex({ pharmacyId: [33m1[39m, userId: [33m1[39m }, { background: [33mtrue[39m })
[0;36mMongoose:[0m sales.createIndex({ pharmacyId: [33m1[39m, createdAt: [33m-1[39m }, { background: [33mtrue[39m })
[0;36mMongoose:[0m orders.createIndex({ pharmacyId: [33m1[39m, supplierId: [33m1[39m }, { background: [33mtrue[39m })
[0;36mMongoose:[0m reservations.createIndex({ pharmacyId: [33m1[39m, status: [33m1[39m }, { background: [33mtrue[39m })
[0;36mMongoose:[0m medicines.createIndex({ pharmacyId: [33m1[39m, isActive: [33m1[39m }, { background: [33mtrue[39m })
[0;36mMongoose:[0m deliveries.createIndex({ pharmacyId: [33m1[39m, deliveryDate: [33m-1[39m }, { background: [33mtrue[39m })
[0;36mMongoose:[0m parapharmacyproducts.createIndex({ pharmacyId: [33m1[39m }, { background: [33mtrue[39m })
[0;36mMongoose:[0m suppliers.createIndex({ pharmacyId: [33m1[39m }, { background: [33mtrue[39m })
[0;36mMongoose:[0m auditlogs.createIndex({ pharmacyId: [33m1[39m, action: [33m1[39m }, { background: [33mtrue[39m })
[0;36mMongoose:[0m sales.createIndex({ pharmacyId: [33m1[39m, approvalStatus: [33m1[39m }, { background: [33mtrue[39m })
[0;36mMongoose:[0m orders.createIndex({ pharmacyId: [33m1[39m, createdAt: [33m-1[39m }, { background: [33mtrue[39m })
[0;36mMongoose:[0m reservations.createIndex({ pharmacyId: [33m1[39m, expiresAt: [33m1[39m, status: [33m1[39m }, { background: [33mtrue[39m })
[0;36mMongoose:[0m medicines.createIndex({ pharmacyId: [33m1[39m, category: [33m1[39m }, { background: [33mtrue[39m })
[0;36mMongoose:[0m parapharmacyproducts.createIndex({ pharmacyId: [33m1[39m, name: [33m1[39m }, { background: [33mtrue[39m })
[0;36mMongoose:[0m suppliers.createIndex({ pharmacyId: [33m1[39m, name: [33m1[39m }, { unique: [33mtrue[39m, background: [33mtrue[39m })
[0;36mMongoose:[0m auditlogs.createIndex({ pharmacyId: [33m1[39m, entity: [33m1[39m }, { background: [33mtrue[39m })
[0;36mMongoose:[0m sales.createIndex({ [32m'invoice.receiptNumber'[39m: [33m1[39m }, { unique: [33mtrue[39m, background: [33mtrue[39m })
[0;36mMongoose:[0m reservations.createIndex({ pharmacyId: [33m1[39m, createdAt: [33m-1[39m }, { background: [33mtrue[39m })
[0;36mMongoose:[0m medicines.createIndex({ name: [32m'text'[39m, genericName: [32m'text'[39m }, { weights: { name: [33m10[39m, genericName: [33m5[39m }, background: [33mtrue[39m })
[0;36mMongoose:[0m parapharmacyproducts.createIndex({ pharmacyId: [33m1[39m, isActive: [33m1[39m }, { background: [33mtrue[39m })
[0;36mMongoose:[0m suppliers.createIndex({ pharmacyId: [33m1[39m, type: [33m1[39m }, { background: [33mtrue[39m })
[0;36mMongoose:[0m auditlogs.createIndex({ createdAt: [33m1[39m }, { expireAfterSeconds: [33m157680000[39m, background: [33mtrue[39m })
[0;36mMongoose:[0m parapharmacyproducts.createIndex({ pharmacyId: [33m1[39m, category: [33m1[39m }, { background: [33mtrue[39m })
[0;36mMongoose:[0m suppliers.createIndex({ pharmacyId: [33m1[39m, isActive: [33m1[39m }, { background: [33mtrue[39m })
[0;36mMongoose:[0m parapharmacyproducts.createIndex({ name: [32m'text'[39m, brand: [32m'text'[39m }, { weights: { name: [33m10[39m, brand: [33m5[39m }, background: [33mtrue[39m })
[0;36mMongoose:[0m batches.createIndex({ pharmacyId: [33m1[39m, medicineId: [33m1[39m, expiryDate: [33m1[39m }, { background: [33mtrue[39m })
[0;36mMongoose:[0m batches.createIndex({ pharmacyId: [33m1[39m, expiryDate: [33m1[39m, isActive: [33m1[39m }, { background: [33mtrue[39m })
[0;36mMongoose:[0m batches.createIndex({ pharmacyId: [33m1[39m, remainingQty: [33m1[39m }, { background: [33mtrue[39m })
[32m[nodemon] restarting due to changes...[39m
[32m[nodemon] starting `node src/server.js`[39m
[31m[nodemon] app crashed - waiting for file changes before starting...[39m
[32m[nodemon] restarting due to changes...[39m
[32m[nodemon] starting `node src/server.js`[39m
[2026-04-27 23:28:46] [32minfo[39m: MongoDB connected: ac-kqnx0we-shard-00-00.jj9g0kc.mongodb.net
[2026-04-27 23:28:46] [33mwarn[39m: REDIS_URL not set - Redis disabled
[2026-04-27 23:28:46] [32minfo[39m: [nearExpiry] Job scheduled — daily at 08:00
[2026-04-27 23:28:46] [32minfo[39m: [reservationExpiry] Job scheduled — every 15 minutes
[2026-04-27 23:28:46] [32minfo[39m: Server running on port 5000 in development mode
[0;36mMongoose:[0m auditlogs.createIndex({ pharmacyId: [33m1[39m }, { background: [33mtrue[39m })
[0;36mMongoose:[0m batches.createIndex({ pharmacyId: [33m1[39m }, { background: [33mtrue[39m })
[0;36mMongoose:[0m orders.createIndex({ pharmacyId: [33m1[39m }, { background: [33mtrue[39m })
[0;36mMongoose:[0m sales.createIndex({ pharmacyId: [33m1[39m }, { background: [33mtrue[39m })
[0;36mMongoose:[0m reservations.createIndex({ pharmacyId: [33m1[39m }, { background: [33mtrue[39m })
[0;36mMongoose:[0m deliveries.createIndex({ pharmacyId: [33m1[39m }, { background: [33mtrue[39m })
[0;36mMongoose:[0m users.createIndex({ pharmacyId: [33m1[39m }, { background: [33mtrue[39m })
[0;36mMongoose:[0m parapharmacyproducts.createIndex({ pharmacyId: [33m1[39m }, { background: [33mtrue[39m })
[0;36mMongoose:[0m medicines.createIndex({ pharmacyId: [33m1[39m }, { background: [33mtrue[39m })
[0;36mMongoose:[0m batches.createIndex({ pharmacyId: [33m1[39m, medicineId: [33m1[39m, batchNumber: [33m1[39m }, { unique: [33mtrue[39m, background: [33mtrue[39m })
[0;36mMongoose:[0m orders.createIndex({ pharmacyId: [33m1[39m, status: [33m1[39m }, { background: [33mtrue[39m })
[0;36mMongoose:[0m sales.createIndex({ pharmacyId: [33m1[39m, cashierId: [33m1[39m }, { background: [33mtrue[39m })
[0;36mMongoose:[0m reservations.createIndex({ confirmationCode: [33m1[39m }, { unique: [33mtrue[39m, background: [33mtrue[39m })
[0;36mMongoose:[0m deliveries.createIndex({ pharmacyId: [33m1[39m, supplierId: [33m1[39m }, { background: [33mtrue[39m })
[0;36mMongoose:[0m users.createIndex({ pharmacyId: [33m1[39m, email: [33m1[39m }, { unique: [33mtrue[39m, background: [33mtrue[39m })
[0;36mMongoose:[0m parapharmacyproducts.createIndex({ pharmacyId: [33m1[39m, name: [33m1[39m }, { background: [33mtrue[39m })
[0;36mMongoose:[0m medicines.createIndex({ pharmacyId: [33m1[39m, name: [33m1[39m }, { background: [33mtrue[39m })
[0;36mMongoose:[0m batches.createIndex({ pharmacyId: [33m1[39m, medicineId: [33m1[39m, expiryDate: [33m1[39m }, { background: [33mtrue[39m })
[0;36mMongoose:[0m orders.createIndex({ pharmacyId: [33m1[39m, supplierId: [33m1[39m }, { background: [33mtrue[39m })
[0;36mMongoose:[0m sales.createIndex({ pharmacyId: [33m1[39m, createdAt: [33m-1[39m }, { background: [33mtrue[39m })
[0;36mMongoose:[0m reservations.createIndex({ pharmacyId: [33m1[39m, status: [33m1[39m }, { background: [33mtrue[39m })
[0;36mMongoose:[0m deliveries.createIndex({ pharmacyId: [33m1[39m, deliveryDate: [33m-1[39m }, { background: [33mtrue[39m })
[0;36mMongoose:[0m users.createIndex({ pharmacyId: [33m1[39m, role: [33m1[39m }, { background: [33mtrue[39m })
[0;36mMongoose:[0m suppliers.createIndex({ pharmacyId: [33m1[39m }, { background: [33mtrue[39m })
[0;36mMongoose:[0m medicines.createIndex({ pharmacyId: [33m1[39m, isActive: [33m1[39m }, { background: [33mtrue[39m })
[0;36mMongoose:[0m auditlogs.createIndex({ pharmacyId: [33m1[39m, createdAt: [33m-1[39m }, { background: [33mtrue[39m })
[0;36mMongoose:[0m batches.createIndex({ pharmacyId: [33m1[39m, expiryDate: [33m1[39m, isActive: [33m1[39m }, { background: [33mtrue[39m })
[0;36mMongoose:[0m sales.createIndex({ pharmacyId: [33m1[39m, approvalStatus: [33m1[39m }, { background: [33mtrue[39m })
[0;36mMongoose:[0m reservations.createIndex({ pharmacyId: [33m1[39m, expiresAt: [33m1[39m, status: [33m1[39m }, { background: [33mtrue[39m })
[0;36mMongoose:[0m suppliers.createIndex({ pharmacyId: [33m1[39m, name: [33m1[39m }, { unique: [33mtrue[39m, background: [33mtrue[39m })
[0;36mMongoose:[0m medicines.createIndex({ pharmacyId: [33m1[39m, category: [33m1[39m }, { background: [33mtrue[39m })
[0;36mMongoose:[0m auditlogs.createIndex({ pharmacyId: [33m1[39m, userId: [33m1[39m }, { background: [33mtrue[39m })
[0;36mMongoose:[0m batches.createIndex({ pharmacyId: [33m1[39m, remainingQty: [33m1[39m }, { background: [33mtrue[39m })
[0;36mMongoose:[0m sales.createIndex({ [32m'invoice.receiptNumber'[39m: [33m1[39m }, { unique: [33mtrue[39m, background: [33mtrue[39m })
[0;36mMongoose:[0m reservations.createIndex({ pharmacyId: [33m1[39m, createdAt: [33m-1[39m }, { background: [33mtrue[39m })
[0;36mMongoose:[0m suppliers.createIndex({ pharmacyId: [33m1[39m, type: [33m1[39m }, { background: [33mtrue[39m })
[0;36mMongoose:[0m medicines.createIndex({ name: [32m'text'[39m, genericName: [32m'text'[39m }, { weights: { name: [33m10[39m, genericName: [33m5[39m }, background: [33mtrue[39m })
[0;36mMongoose:[0m auditlogs.createIndex({ pharmacyId: [33m1[39m, action: [33m1[39m }, { background: [33mtrue[39m })
[0;36mMongoose:[0m suppliers.createIndex({ pharmacyId: [33m1[39m, isActive: [33m1[39m }, { background: [33mtrue[39m })
[0;36mMongoose:[0m auditlogs.createIndex({ pharmacyId: [33m1[39m, entity: [33m1[39m }, { background: [33mtrue[39m })
[0;36mMongoose:[0m parapharmacyproducts.createIndex({ pharmacyId: [33m1[39m, isActive: [33m1[39m }, { background: [33mtrue[39m })
[0;36mMongoose:[0m orders.createIndex({ pharmacyId: [33m1[39m, createdAt: [33m-1[39m }, { background: [33mtrue[39m })
[0;36mMongoose:[0m parapharmacyproducts.createIndex({ pharmacyId: [33m1[39m, category: [33m1[39m }, { background: [33mtrue[39m })
[0;36mMongoose:[0m auditlogs.createIndex({ createdAt: [33m1[39m }, { expireAfterSeconds: [33m157680000[39m, background: [33mtrue[39m })
[0;36mMongoose:[0m parapharmacyproducts.createIndex({ name: [32m'text'[39m, brand: [32m'text'[39m }, { weights: { name: [33m10[39m, brand: [33m5[39m }, background: [33mtrue[39m })
[32m[nodemon] restarting due to changes...[39m
[32m[nodemon] starting `node src/server.js`[39m
[31m[nodemon] app crashed - waiting for file changes before starting...[39m
[32m[nodemon] restarting due to changes...[39m
[32m[nodemon] starting `node src/server.js`[39m
[2026-04-27 23:29:08] [32minfo[39m: MongoDB connected: ac-kqnx0we-shard-00-01.jj9g0kc.mongodb.net
[2026-04-27 23:29:08] [33mwarn[39m: REDIS_URL not set - Redis disabled
[2026-04-27 23:29:08] [32minfo[39m: [nearExpiry] Job scheduled — daily at 08:00
[2026-04-27 23:29:08] [32minfo[39m: [reservationExpiry] Job scheduled — every 15 minutes
[2026-04-27 23:29:08] [32minfo[39m: Server running on port 5000 in development mode
[0;36mMongoose:[0m auditlogs.createIndex({ pharmacyId: [33m1[39m }, { background: [33mtrue[39m })
[0;36mMongoose:[0m batches.createIndex({ pharmacyId: [33m1[39m }, { background: [33mtrue[39m })
[0;36mMongoose:[0m suppliers.createIndex({ pharmacyId: [33m1[39m }, { background: [33mtrue[39m })
[0;36mMongoose:[0m orders.createIndex({ pharmacyId: [33m1[39m }, { background: [33mtrue[39m })
[0;36mMongoose:[0m sales.createIndex({ pharmacyId: [33m1[39m }, { background: [33mtrue[39m })
[0;36mMongoose:[0m reservations.createIndex({ pharmacyId: [33m1[39m }, { background: [33mtrue[39m })
[0;36mMongoose:[0m users.createIndex({ pharmacyId: [33m1[39m }, { background: [33mtrue[39m })
[0;36mMongoose:[0m parapharmacyproducts.createIndex({ pharmacyId: [33m1[39m }, { background: [33mtrue[39m })
[0;36mMongoose:[0m medicines.createIndex({ pharmacyId: [33m1[39m }, { background: [33mtrue[39m })
[0;36mMongoose:[0m batches.createIndex({ pharmacyId: [33m1[39m, medicineId: [33m1[39m, batchNumber: [33m1[39m }, { unique: [33mtrue[39m, background: [33mtrue[39m })
[0;36mMongoose:[0m suppliers.createIndex({ pharmacyId: [33m1[39m, name: [33m1[39m }, { unique: [33mtrue[39m, background: [33mtrue[39m })
[0;36mMongoose:[0m sales.createIndex({ pharmacyId: [33m1[39m, cashierId: [33m1[39m }, { background: [33mtrue[39m })
[0;36mMongoose:[0m orders.createIndex({ pharmacyId: [33m1[39m, status: [33m1[39m }, { background: [33mtrue[39m })
[0;36mMongoose:[0m reservations.createIndex({ confirmationCode: [33m1[39m }, { unique: [33mtrue[39m, background: [33mtrue[39m })
[0;36mMongoose:[0m users.createIndex({ pharmacyId: [33m1[39m, email: [33m1[39m }, { unique: [33mtrue[39m, background: [33mtrue[39m })
[0;36mMongoose:[0m medicines.createIndex({ pharmacyId: [33m1[39m, name: [33m1[39m }, { background: [33mtrue[39m })
[0;36mMongoose:[0m parapharmacyproducts.createIndex({ pharmacyId: [33m1[39m, name: [33m1[39m }, { background: [33mtrue[39m })
[0;36mMongoose:[0m batches.createIndex({ pharmacyId: [33m1[39m, medicineId: [33m1[39m, expiryDate: [33m1[39m }, { background: [33mtrue[39m })
[0;36mMongoose:[0m suppliers.createIndex({ pharmacyId: [33m1[39m, type: [33m1[39m }, { background: [33mtrue[39m })
[0;36mMongoose:[0m sales.createIndex({ pharmacyId: [33m1[39m, createdAt: [33m-1[39m }, { background: [33mtrue[39m })
[0;36mMongoose:[0m deliveries.createIndex({ pharmacyId: [33m1[39m }, { background: [33mtrue[39m })
[0;36mMongoose:[0m orders.createIndex({ pharmacyId: [33m1[39m, supplierId: [33m1[39m }, { background: [33mtrue[39m })
[0;36mMongoose:[0m users.createIndex({ pharmacyId: [33m1[39m, role: [33m1[39m }, { background: [33mtrue[39m })
[0;36mMongoose:[0m medicines.createIndex({ pharmacyId: [33m1[39m, isActive: [33m1[39m }, { background: [33mtrue[39m })
[0;36mMongoose:[0m parapharmacyproducts.createIndex({ pharmacyId: [33m1[39m, isActive: [33m1[39m }, { background: [33mtrue[39m })
[0;36mMongoose:[0m auditlogs.createIndex({ pharmacyId: [33m1[39m, createdAt: [33m-1[39m }, { background: [33mtrue[39m })
[0;36mMongoose:[0m sales.createIndex({ pharmacyId: [33m1[39m, approvalStatus: [33m1[39m }, { background: [33mtrue[39m })
[0;36mMongoose:[0m suppliers.createIndex({ pharmacyId: [33m1[39m, isActive: [33m1[39m }, { background: [33mtrue[39m })
[0;36mMongoose:[0m deliveries.createIndex({ pharmacyId: [33m1[39m, supplierId: [33m1[39m }, { background: [33mtrue[39m })
[0;36mMongoose:[0m orders.createIndex({ pharmacyId: [33m1[39m, createdAt: [33m-1[39m }, { background: [33mtrue[39m })
[0;36mMongoose:[0m medicines.createIndex({ pharmacyId: [33m1[39m, category: [33m1[39m }, { background: [33mtrue[39m })
[0;36mMongoose:[0m parapharmacyproducts.createIndex({ pharmacyId: [33m1[39m, category: [33m1[39m }, { background: [33mtrue[39m })
[0;36mMongoose:[0m auditlogs.createIndex({ pharmacyId: [33m1[39m, userId: [33m1[39m }, { background: [33mtrue[39m })
[0;36mMongoose:[0m sales.createIndex({ [32m'invoice.receiptNumber'[39m: [33m1[39m }, { unique: [33mtrue[39m, background: [33mtrue[39m })
[0;36mMongoose:[0m deliveries.createIndex({ pharmacyId: [33m1[39m, deliveryDate: [33m-1[39m }, { background: [33mtrue[39m })
[0;36mMongoose:[0m medicines.createIndex({ name: [32m'text'[39m, genericName: [32m'text'[39m }, { weights: { name: [33m10[39m, genericName: [33m5[39m }, background: [33mtrue[39m })
[0;36mMongoose:[0m parapharmacyproducts.createIndex({ name: [32m'text'[39m, brand: [32m'text'[39m }, { weights: { name: [33m10[39m, brand: [33m5[39m }, background: [33mtrue[39m })
[0;36mMongoose:[0m auditlogs.createIndex({ pharmacyId: [33m1[39m, action: [33m1[39m }, { background: [33mtrue[39m })
[0;36mMongoose:[0m auditlogs.createIndex({ pharmacyId: [33m1[39m, entity: [33m1[39m }, { background: [33mtrue[39m })
[0;36mMongoose:[0m batches.createIndex({ pharmacyId: [33m1[39m, expiryDate: [33m1[39m, isActive: [33m1[39m }, { background: [33mtrue[39m })
[0;36mMongoose:[0m reservations.createIndex({ pharmacyId: [33m1[39m, status: [33m1[39m }, { background: [33mtrue[39m })
[0;36mMongoose:[0m auditlogs.createIndex({ createdAt: [33m1[39m }, { expireAfterSeconds: [33m157680000[39m, background: [33mtrue[39m })
[0;36mMongoose:[0m reservations.createIndex({ pharmacyId: [33m1[39m, expiresAt: [33m1[39m, status: [33m1[39m }, { background: [33mtrue[39m })
[0;36mMongoose:[0m batches.createIndex({ pharmacyId: [33m1[39m, remainingQty: [33m1[39m }, { background: [33mtrue[39m })
[0;36mMongoose:[0m reservations.createIndex({ pharmacyId: [33m1[39m, createdAt: [33m-1[39m }, { background: [33mtrue[39m })
[32m[nodemon] restarting due to changes...[39m
[32m[nodemon] starting `node src/server.js`[39m
[31m[nodemon] app crashed - waiting for file changes before starting...[39m
[32m[nodemon] restarting due to changes...[39m
[32m[nodemon] starting `node src/server.js`[39m
[2026-04-27 23:29:29] [32minfo[39m: MongoDB connected: ac-kqnx0we-shard-00-00.jj9g0kc.mongodb.net
[2026-04-27 23:29:29] [33mwarn[39m: REDIS_URL not set - Redis disabled
[2026-04-27 23:29:29] [32minfo[39m: [nearExpiry] Job scheduled — daily at 08:00
[2026-04-27 23:29:29] [32minfo[39m: [reservationExpiry] Job scheduled — every 15 minutes
[2026-04-27 23:29:29] [32minfo[39m: Server running on port 5000 in development mode
[0;36mMongoose:[0m auditlogs.createIndex({ pharmacyId: [33m1[39m }, { background: [33mtrue[39m })
[0;36mMongoose:[0m batches.createIndex({ pharmacyId: [33m1[39m }, { background: [33mtrue[39m })
[0;36mMongoose:[0m suppliers.createIndex({ pharmacyId: [33m1[39m }, { background: [33mtrue[39m })
[0;36mMongoose:[0m sales.createIndex({ pharmacyId: [33m1[39m }, { background: [33mtrue[39m })
[0;36mMongoose:[0m reservations.createIndex({ pharmacyId: [33m1[39m }, { background: [33mtrue[39m })
[0;36mMongoose:[0m orders.createIndex({ pharmacyId: [33m1[39m }, { background: [33mtrue[39m })
[0;36mMongoose:[0m medicines.createIndex({ pharmacyId: [33m1[39m }, { background: [33mtrue[39m })
[0;36mMongoose:[0m users.createIndex({ pharmacyId: [33m1[39m }, { background: [33mtrue[39m })
[0;36mMongoose:[0m auditlogs.createIndex({ pharmacyId: [33m1[39m, createdAt: [33m-1[39m }, { background: [33mtrue[39m })
[0;36mMongoose:[0m batches.createIndex({ pharmacyId: [33m1[39m, medicineId: [33m1[39m, batchNumber: [33m1[39m }, { unique: [33mtrue[39m, background: [33mtrue[39m })
[0;36mMongoose:[0m suppliers.createIndex({ pharmacyId: [33m1[39m, name: [33m1[39m }, { unique: [33mtrue[39m, background: [33mtrue[39m })
[0;36mMongoose:[0m sales.createIndex({ pharmacyId: [33m1[39m, cashierId: [33m1[39m }, { background: [33mtrue[39m })
[0;36mMongoose:[0m reservations.createIndex({ confirmationCode: [33m1[39m }, { unique: [33mtrue[39m, background: [33mtrue[39m })
[0;36mMongoose:[0m orders.createIndex({ pharmacyId: [33m1[39m, status: [33m1[39m }, { background: [33mtrue[39m })
[0;36mMongoose:[0m users.createIndex({ pharmacyId: [33m1[39m, email: [33m1[39m }, { unique: [33mtrue[39m, background: [33mtrue[39m })
[0;36mMongoose:[0m medicines.createIndex({ pharmacyId: [33m1[39m, name: [33m1[39m }, { background: [33mtrue[39m })
[0;36mMongoose:[0m auditlogs.createIndex({ pharmacyId: [33m1[39m, userId: [33m1[39m }, { background: [33mtrue[39m })
[0;36mMongoose:[0m batches.createIndex({ pharmacyId: [33m1[39m, medicineId: [33m1[39m, expiryDate: [33m1[39m }, { background: [33mtrue[39m })
[0;36mMongoose:[0m suppliers.createIndex({ pharmacyId: [33m1[39m, type: [33m1[39m }, { background: [33mtrue[39m })
[0;36mMongoose:[0m sales.createIndex({ pharmacyId: [33m1[39m, createdAt: [33m-1[39m }, { background: [33mtrue[39m })
[0;36mMongoose:[0m reservations.createIndex({ pharmacyId: [33m1[39m, status: [33m1[39m }, { background: [33mtrue[39m })
[0;36mMongoose:[0m deliveries.createIndex({ pharmacyId: [33m1[39m }, { background: [33mtrue[39m })
[0;36mMongoose:[0m orders.createIndex({ pharmacyId: [33m1[39m, supplierId: [33m1[39m }, { background: [33mtrue[39m })
[0;36mMongoose:[0m auditlogs.createIndex({ pharmacyId: [33m1[39m, action: [33m1[39m }, { background: [33mtrue[39m })
[0;36mMongoose:[0m medicines.createIndex({ pharmacyId: [33m1[39m, isActive: [33m1[39m }, { background: [33mtrue[39m })
[0;36mMongoose:[0m batches.createIndex({ pharmacyId: [33m1[39m, expiryDate: [33m1[39m, isActive: [33m1[39m }, { background: [33mtrue[39m })
[0;36mMongoose:[0m suppliers.createIndex({ pharmacyId: [33m1[39m, isActive: [33m1[39m }, { background: [33mtrue[39m })
[0;36mMongoose:[0m sales.createIndex({ pharmacyId: [33m1[39m, approvalStatus: [33m1[39m }, { background: [33mtrue[39m })
[0;36mMongoose:[0m reservations.createIndex({ pharmacyId: [33m1[39m, expiresAt: [33m1[39m, status: [33m1[39m }, { background: [33mtrue[39m })
[0;36mMongoose:[0m parapharmacyproducts.createIndex({ pharmacyId: [33m1[39m }, { background: [33mtrue[39m })
[0;36mMongoose:[0m orders.createIndex({ pharmacyId: [33m1[39m, createdAt: [33m-1[39m }, { background: [33mtrue[39m })
[0;36mMongoose:[0m auditlogs.createIndex({ pharmacyId: [33m1[39m, entity: [33m1[39m }, { background: [33mtrue[39m })
[0;36mMongoose:[0m medicines.createIndex({ pharmacyId: [33m1[39m, category: [33m1[39m }, { background: [33mtrue[39m })
[0;36mMongoose:[0m sales.createIndex({ [32m'invoice.receiptNumber'[39m: [33m1[39m }, { unique: [33mtrue[39m, background: [33mtrue[39m })
[0;36mMongoose:[0m batches.createIndex({ pharmacyId: [33m1[39m, remainingQty: [33m1[39m }, { background: [33mtrue[39m })
[0;36mMongoose:[0m parapharmacyproducts.createIndex({ pharmacyId: [33m1[39m, name: [33m1[39m }, { background: [33mtrue[39m })
[0;36mMongoose:[0m reservations.createIndex({ pharmacyId: [33m1[39m, createdAt: [33m-1[39m }, { background: [33mtrue[39m })
[0;36mMongoose:[0m auditlogs.createIndex({ createdAt: [33m1[39m }, { expireAfterSeconds: [33m157680000[39m, background: [33mtrue[39m })
[0;36mMongoose:[0m medicines.createIndex({ name: [32m'text'[39m, genericName: [32m'text'[39m }, { weights: { name: [33m10[39m, genericName: [33m5[39m }, background: [33mtrue[39m })
[0;36mMongoose:[0m parapharmacyproducts.createIndex({ pharmacyId: [33m1[39m, isActive: [33m1[39m }, { background: [33mtrue[39m })
[0;36mMongoose:[0m parapharmacyproducts.createIndex({ pharmacyId: [33m1[39m, category: [33m1[39m }, { background: [33mtrue[39m })
[0;36mMongoose:[0m users.createIndex({ pharmacyId: [33m1[39m, role: [33m1[39m }, { background: [33mtrue[39m })
[0;36mMongoose:[0m parapharmacyproducts.createIndex({ name: [32m'text'[39m, brand: [32m'text'[39m }, { weights: { name: [33m10[39m, brand: [33m5[39m }, background: [33mtrue[39m })
[0;36mMongoose:[0m deliveries.createIndex({ pharmacyId: [33m1[39m, supplierId: [33m1[39m }, { background: [33mtrue[39m })
[0;36mMongoose:[0m deliveries.createIndex({ pharmacyId: [33m1[39m, deliveryDate: [33m-1[39m }, { background: [33mtrue[39m })
[32m[nodemon] restarting due to changes...[39m
[32m[nodemon] starting `node src/server.js`[39m
[2026-04-27 23:29:42] [32minfo[39m: MongoDB connected: ac-kqnx0we-shard-00-00.jj9g0kc.mongodb.net
[2026-04-27 23:29:42] [33mwarn[39m: REDIS_URL not set - Redis disabled
[2026-04-27 23:29:42] [32minfo[39m: [nearExpiry] Job scheduled — daily at 08:00
[2026-04-27 23:29:42] [32minfo[39m: [reservationExpiry] Job scheduled — every 15 minutes
[2026-04-27 23:29:42] [31merror[39m: Uncaught Exception: listen EADDRINUSE: address already in use :::5000
[31m[nodemon] app crashed - waiting for file changes before starting...[39m
[32m[nodemon] restarting due to changes...[39m
[32m[nodemon] starting `node src/server.js`[39m
[31m[nodemon] app crashed - waiting for file changes before starting...[39m
[32m[nodemon] restarting due to changes...[39m
[32m[nodemon] starting `node src/server.js`[39m
[2026-04-27 23:30:03] [32minfo[39m: MongoDB connected: ac-kqnx0we-shard-00-00.jj9g0kc.mongodb.net
[2026-04-27 23:30:03] [33mwarn[39m: REDIS_URL not set - Redis disabled
[2026-04-27 23:30:03] [32minfo[39m: [nearExpiry] Job scheduled — daily at 08:00
[2026-04-27 23:30:03] [32minfo[39m: [reservationExpiry] Job scheduled — every 15 minutes
[2026-04-27 23:30:03] [32minfo[39m: Server running on port 5000 in development mode
[0;36mMongoose:[0m auditlogs.createIndex({ pharmacyId: [33m1[39m }, { background: [33mtrue[39m })
[0;36mMongoose:[0m batches.createIndex({ pharmacyId: [33m1[39m }, { background: [33mtrue[39m })
[0;36mMongoose:[0m suppliers.createIndex({ pharmacyId: [33m1[39m }, { background: [33mtrue[39m })
[0;36mMongoose:[0m sales.createIndex({ pharmacyId: [33m1[39m }, { background: [33mtrue[39m })
[0;36mMongoose:[0m reservations.createIndex({ pharmacyId: [33m1[39m }, { background: [33mtrue[39m })
[0;36mMongoose:[0m orders.createIndex({ pharmacyId: [33m1[39m }, { background: [33mtrue[39m })
[0;36mMongoose:[0m parapharmacyproducts.createIndex({ pharmacyId: [33m1[39m }, { background: [33mtrue[39m })
[0;36mMongoose:[0m medicines.createIndex({ pharmacyId: [33m1[39m }, { background: [33mtrue[39m })
[0;36mMongoose:[0m auditlogs.createIndex({ pharmacyId: [33m1[39m, createdAt: [33m-1[39m }, { background: [33mtrue[39m })
[0;36mMongoose:[0m batches.createIndex({ pharmacyId: [33m1[39m, medicineId: [33m1[39m, batchNumber: [33m1[39m }, { unique: [33mtrue[39m, background: [33mtrue[39m })
[0;36mMongoose:[0m users.createIndex({ pharmacyId: [33m1[39m }, { background: [33mtrue[39m })
[0;36mMongoose:[0m sales.createIndex({ pharmacyId: [33m1[39m, cashierId: [33m1[39m }, { background: [33mtrue[39m })
[0;36mMongoose:[0m reservations.createIndex({ confirmationCode: [33m1[39m }, { unique: [33mtrue[39m, background: [33mtrue[39m })
[0;36mMongoose:[0m parapharmacyproducts.createIndex({ pharmacyId: [33m1[39m, name: [33m1[39m }, { background: [33mtrue[39m })
[0;36mMongoose:[0m orders.createIndex({ pharmacyId: [33m1[39m, status: [33m1[39m }, { background: [33mtrue[39m })
[0;36mMongoose:[0m medicines.createIndex({ pharmacyId: [33m1[39m, name: [33m1[39m }, { background: [33mtrue[39m })
[0;36mMongoose:[0m auditlogs.createIndex({ pharmacyId: [33m1[39m, userId: [33m1[39m }, { background: [33mtrue[39m })
[0;36mMongoose:[0m batches.createIndex({ pharmacyId: [33m1[39m, medicineId: [33m1[39m, expiryDate: [33m1[39m }, { background: [33mtrue[39m })
[0;36mMongoose:[0m users.createIndex({ pharmacyId: [33m1[39m, email: [33m1[39m }, { unique: [33mtrue[39m, background: [33mtrue[39m })
[0;36mMongoose:[0m sales.createIndex({ pharmacyId: [33m1[39m, createdAt: [33m-1[39m }, { background: [33mtrue[39m })
[0;36mMongoose:[0m parapharmacyproducts.createIndex({ pharmacyId: [33m1[39m, isActive: [33m1[39m }, { background: [33mtrue[39m })
[0;36mMongoose:[0m reservations.createIndex({ pharmacyId: [33m1[39m, status: [33m1[39m }, { background: [33mtrue[39m })
[0;36mMongoose:[0m deliveries.createIndex({ pharmacyId: [33m1[39m }, { background: [33mtrue[39m })
[0;36mMongoose:[0m medicines.createIndex({ pharmacyId: [33m1[39m, isActive: [33m1[39m }, { background: [33mtrue[39m })
[0;36mMongoose:[0m auditlogs.createIndex({ pharmacyId: [33m1[39m, action: [33m1[39m }, { background: [33mtrue[39m })
[0;36mMongoose:[0m batches.createIndex({ pharmacyId: [33m1[39m, expiryDate: [33m1[39m, isActive: [33m1[39m }, { background: [33mtrue[39m })
[0;36mMongoose:[0m reservations.createIndex({ pharmacyId: [33m1[39m, expiresAt: [33m1[39m, status: [33m1[39m }, { background: [33mtrue[39m })
[0;36mMongoose:[0m users.createIndex({ pharmacyId: [33m1[39m, role: [33m1[39m }, { background: [33mtrue[39m })
[0;36mMongoose:[0m parapharmacyproducts.createIndex({ pharmacyId: [33m1[39m, category: [33m1[39m }, { background: [33mtrue[39m })
[0;36mMongoose:[0m sales.createIndex({ pharmacyId: [33m1[39m, approvalStatus: [33m1[39m }, { background: [33mtrue[39m })
[0;36mMongoose:[0m suppliers.createIndex({ pharmacyId: [33m1[39m, name: [33m1[39m }, { unique: [33mtrue[39m, background: [33mtrue[39m })
[0;36mMongoose:[0m batches.createIndex({ pharmacyId: [33m1[39m, remainingQty: [33m1[39m }, { background: [33mtrue[39m })
[0;36mMongoose:[0m medicines.createIndex({ pharmacyId: [33m1[39m, category: [33m1[39m }, { background: [33mtrue[39m })
[0;36mMongoose:[0m reservations.createIndex({ pharmacyId: [33m1[39m, createdAt: [33m-1[39m }, { background: [33mtrue[39m })
[0;36mMongoose:[0m auditlogs.createIndex({ pharmacyId: [33m1[39m, entity: [33m1[39m }, { background: [33mtrue[39m })
[0;36mMongoose:[0m parapharmacyproducts.createIndex({ name: [32m'text'[39m, brand: [32m'text'[39m }, { weights: { name: [33m10[39m, brand: [33m5[39m }, background: [33mtrue[39m })
[0;36mMongoose:[0m sales.createIndex({ [32m'invoice.receiptNumber'[39m: [33m1[39m }, { unique: [33mtrue[39m, background: [33mtrue[39m })
[0;36mMongoose:[0m suppliers.createIndex({ pharmacyId: [33m1[39m, type: [33m1[39m }, { background: [33mtrue[39m })
[0;36mMongoose:[0m medicines.createIndex({ name: [32m'text'[39m, genericName: [32m'text'[39m }, { weights: { name: [33m10[39m, genericName: [33m5[39m }, background: [33mtrue[39m })
[0;36mMongoose:[0m auditlogs.createIndex({ createdAt: [33m1[39m }, { expireAfterSeconds: [33m157680000[39m, background: [33mtrue[39m })
[0;36mMongoose:[0m suppliers.createIndex({ pharmacyId: [33m1[39m, isActive: [33m1[39m }, { background: [33mtrue[39m })
[0;36mMongoose:[0m orders.createIndex({ pharmacyId: [33m1[39m, supplierId: [33m1[39m }, { background: [33mtrue[39m })
[0;36mMongoose:[0m orders.createIndex({ pharmacyId: [33m1[39m, createdAt: [33m-1[39m }, { background: [33mtrue[39m })
[0;36mMongoose:[0m deliveries.createIndex({ pharmacyId: [33m1[39m, supplierId: [33m1[39m }, { background: [33mtrue[39m })
[0;36mMongoose:[0m deliveries.createIndex({ pharmacyId: [33m1[39m, deliveryDate: [33m-1[39m }, { background: [33mtrue[39m })
[32m[nodemon] restarting due to changes...[39m
[32m[nodemon] starting `node src/server.js`[39m
[31m[nodemon] app crashed - waiting for file changes before starting...[39m
[32m[nodemon] restarting due to changes...[39m
[32m[nodemon] starting `node src/server.js`[39m
[2026-04-27 23:30:26] [32minfo[39m: MongoDB connected: ac-kqnx0we-shard-00-01.jj9g0kc.mongodb.net
[2026-04-27 23:30:26] [33mwarn[39m: REDIS_URL not set - Redis disabled
[2026-04-27 23:30:26] [32minfo[39m: [nearExpiry] Job scheduled — daily at 08:00
[2026-04-27 23:30:26] [32minfo[39m: [reservationExpiry] Job scheduled — every 15 minutes
[2026-04-27 23:30:26] [32minfo[39m: Server running on port 5000 in development mode
[0;36mMongoose:[0m auditlogs.createIndex({ pharmacyId: [33m1[39m }, { background: [33mtrue[39m })
[0;36mMongoose:[0m batches.createIndex({ pharmacyId: [33m1[39m }, { background: [33mtrue[39m })
[0;36mMongoose:[0m suppliers.createIndex({ pharmacyId: [33m1[39m }, { background: [33mtrue[39m })
[0;36mMongoose:[0m sales.createIndex({ pharmacyId: [33m1[39m }, { background: [33mtrue[39m })
[0;36mMongoose:[0m reservations.createIndex({ pharmacyId: [33m1[39m }, { background: [33mtrue[39m })
[0;36mMongoose:[0m orders.createIndex({ pharmacyId: [33m1[39m }, { background: [33mtrue[39m })
[0;36mMongoose:[0m users.createIndex({ pharmacyId: [33m1[39m }, { background: [33mtrue[39m })
[0;36mMongoose:[0m deliveries.createIndex({ pharmacyId: [33m1[39m }, { background: [33mtrue[39m })
[0;36mMongoose:[0m auditlogs.createIndex({ pharmacyId: [33m1[39m, createdAt: [33m-1[39m }, { background: [33mtrue[39m })
[0;36mMongoose:[0m medicines.createIndex({ pharmacyId: [33m1[39m }, { background: [33mtrue[39m })
[0;36mMongoose:[0m suppliers.createIndex({ pharmacyId: [33m1[39m, name: [33m1[39m }, { unique: [33mtrue[39m, background: [33mtrue[39m })
[0;36mMongoose:[0m sales.createIndex({ pharmacyId: [33m1[39m, cashierId: [33m1[39m }, { background: [33mtrue[39m })
[0;36mMongoose:[0m reservations.createIndex({ confirmationCode: [33m1[39m }, { unique: [33mtrue[39m, background: [33mtrue[39m })
[0;36mMongoose:[0m orders.createIndex({ pharmacyId: [33m1[39m, status: [33m1[39m }, { background: [33mtrue[39m })
[0;36mMongoose:[0m users.createIndex({ pharmacyId: [33m1[39m, email: [33m1[39m }, { unique: [33mtrue[39m, background: [33mtrue[39m })
[0;36mMongoose:[0m deliveries.createIndex({ pharmacyId: [33m1[39m, supplierId: [33m1[39m }, { background: [33mtrue[39m })
[0;36mMongoose:[0m auditlogs.createIndex({ pharmacyId: [33m1[39m, userId: [33m1[39m }, { background: [33mtrue[39m })
[0;36mMongoose:[0m medicines.createIndex({ pharmacyId: [33m1[39m, name: [33m1[39m }, { background: [33mtrue[39m })
[0;36mMongoose:[0m suppliers.createIndex({ pharmacyId: [33m1[39m, type: [33m1[39m }, { background: [33mtrue[39m })
[0;36mMongoose:[0m sales.createIndex({ pharmacyId: [33m1[39m, createdAt: [33m-1[39m }, { background: [33mtrue[39m })
[0;36mMongoose:[0m reservations.createIndex({ pharmacyId: [33m1[39m, status: [33m1[39m }, { background: [33mtrue[39m })
[0;36mMongoose:[0m parapharmacyproducts.createIndex({ pharmacyId: [33m1[39m }, { background: [33mtrue[39m })
[0;36mMongoose:[0m users.createIndex({ pharmacyId: [33m1[39m, role: [33m1[39m }, { background: [33mtrue[39m })
[0;36mMongoose:[0m auditlogs.createIndex({ pharmacyId: [33m1[39m, action: [33m1[39m }, { background: [33mtrue[39m })
[0;36mMongoose:[0m deliveries.createIndex({ pharmacyId: [33m1[39m, deliveryDate: [33m-1[39m }, { background: [33mtrue[39m })
[0;36mMongoose:[0m batches.createIndex({ pharmacyId: [33m1[39m, medicineId: [33m1[39m, batchNumber: [33m1[39m }, { unique: [33mtrue[39m, background: [33mtrue[39m })
[0;36mMongoose:[0m suppliers.createIndex({ pharmacyId: [33m1[39m, isActive: [33m1[39m }, { background: [33mtrue[39m })
[0;36mMongoose:[0m sales.createIndex({ pharmacyId: [33m1[39m, approvalStatus: [33m1[39m }, { background: [33mtrue[39m })
[0;36mMongoose:[0m reservations.createIndex({ pharmacyId: [33m1[39m, expiresAt: [33m1[39m, status: [33m1[39m }, { background: [33mtrue[39m })
[0;36mMongoose:[0m parapharmacyproducts.createIndex({ pharmacyId: [33m1[39m, name: [33m1[39m }, { background: [33mtrue[39m })
[0;36mMongoose:[0m auditlogs.createIndex({ pharmacyId: [33m1[39m, entity: [33m1[39m }, { background: [33mtrue[39m })
[0;36mMongoose:[0m batches.createIndex({ pharmacyId: [33m1[39m, medicineId: [33m1[39m, expiryDate: [33m1[39m }, { background: [33mtrue[39m })
[0;36mMongoose:[0m sales.createIndex({ [32m'invoice.receiptNumber'[39m: [33m1[39m }, { unique: [33mtrue[39m, background: [33mtrue[39m })
[0;36mMongoose:[0m reservations.createIndex({ pharmacyId: [33m1[39m, createdAt: [33m-1[39m }, { background: [33mtrue[39m })
[0;36mMongoose:[0m parapharmacyproducts.createIndex({ pharmacyId: [33m1[39m, isActive: [33m1[39m }, { background: [33mtrue[39m })
[0;36mMongoose:[0m auditlogs.createIndex({ createdAt: [33m1[39m }, { expireAfterSeconds: [33m157680000[39m, background: [33mtrue[39m })
[0;36mMongoose:[0m batches.createIndex({ pharmacyId: [33m1[39m, expiryDate: [33m1[39m, isActive: [33m1[39m }, { background: [33mtrue[39m })
[0;36mMongoose:[0m parapharmacyproducts.createIndex({ pharmacyId: [33m1[39m, category: [33m1[39m }, { background: [33mtrue[39m })
[0;36mMongoose:[0m batches.createIndex({ pharmacyId: [33m1[39m, remainingQty: [33m1[39m }, { background: [33mtrue[39m })
[0;36mMongoose:[0m parapharmacyproducts.createIndex({ name: [32m'text'[39m, brand: [32m'text'[39m }, { weights: { name: [33m10[39m, brand: [33m5[39m }, background: [33mtrue[39m })
[0;36mMongoose:[0m orders.createIndex({ pharmacyId: [33m1[39m, supplierId: [33m1[39m }, { background: [33mtrue[39m })
[0;36mMongoose:[0m medicines.createIndex({ pharmacyId: [33m1[39m, isActive: [33m1[39m }, { background: [33mtrue[39m })
[0;36mMongoose:[0m orders.createIndex({ pharmacyId: [33m1[39m, createdAt: [33m-1[39m }, { background: [33mtrue[39m })
[0;36mMongoose:[0m medicines.createIndex({ pharmacyId: [33m1[39m, category: [33m1[39m }, { background: [33mtrue[39m })
[0;36mMongoose:[0m medicines.createIndex({ name: [32m'text'[39m, genericName: [32m'text'[39m }, { weights: { name: [33m10[39m, genericName: [33m5[39m }, background: [33mtrue[39m })
[32m[nodemon] restarting due to changes...[39m
[32m[nodemon] starting `node src/server.js`[39m
[31m[nodemon] app crashed - waiting for file changes before starting...[39m
[32m[nodemon] restarting due to changes...[39m
[32m[nodemon] starting `node src/server.js`[39m
[2026-04-27 23:30:48] [32minfo[39m: MongoDB connected: ac-kqnx0we-shard-00-00.jj9g0kc.mongodb.net
[2026-04-27 23:30:48] [33mwarn[39m: REDIS_URL not set - Redis disabled
[2026-04-27 23:30:48] [32minfo[39m: [nearExpiry] Job scheduled — daily at 08:00
[2026-04-27 23:30:48] [32minfo[39m: [reservationExpiry] Job scheduled — every 15 minutes
[2026-04-27 23:30:48] [31merror[39m: Uncaught Exception: listen EADDRINUSE: address already in use :::5000
[31m[nodemon] app crashed - waiting for file changes before starting...[39m
[32m[nodemon] restarting due to changes...[39m
[32m[nodemon] starting `node src/server.js`[39m
[31m[nodemon] app crashed - waiting for file changes before starting...[39m
[32m[nodemon] restarting due to changes...[39m
[32m[nodemon] starting `node src/server.js`[39m
[2026-04-27 23:31:15] [33mwarn[39m: Email transporter not ready: Invalid login: 535 Authentication failed: The provided authorization grant is invalid, expired, or revoked
[2026-04-27 23:31:15] [32minfo[39m: MongoDB connected: ac-kqnx0we-shard-00-00.jj9g0kc.mongodb.net
[2026-04-27 23:31:15] [33mwarn[39m: REDIS_URL not set - Redis disabled
[2026-04-27 23:31:15] [32minfo[39m: [nearExpiry] Job scheduled — daily at 08:00
[2026-04-27 23:31:15] [32minfo[39m: [reservationExpiry] Job scheduled — every 15 minutes
[2026-04-27 23:31:15] [31merror[39m: Uncaught Exception: listen EADDRINUSE: address already in use :::5000
[31m[nodemon] app crashed - waiting for file changes before starting...[39m
[32m[nodemon] restarting due to changes...[39m
[32m[nodemon] starting `node src/server.js`[39m
[31m[nodemon] app crashed - waiting for file changes before starting...[39m
[32m[nodemon] restarting due to changes...[39m
[32m[nodemon] starting `node src/server.js`[39m
[2026-04-27 23:31:36] [33mwarn[39m: Email transporter not ready: Invalid login: 535 Authentication failed: The provided authorization grant is invalid, expired, or revoked
[2026-04-27 23:31:38] [32minfo[39m: MongoDB connected: ac-kqnx0we-shard-00-02.jj9g0kc.mongodb.net
[2026-04-27 23:31:38] [33mwarn[39m: REDIS_URL not set - Redis disabled
[2026-04-27 23:31:38] [32minfo[39m: [nearExpiry] Job scheduled — daily at 08:00
[2026-04-27 23:31:38] [32minfo[39m: [reservationExpiry] Job scheduled — every 15 minutes
[2026-04-27 23:31:38] [31merror[39m: Uncaught Exception: listen EADDRINUSE: address already in use :::5000
[31m[nodemon] app crashed - waiting for file changes before starting...[39m
[32m[nodemon] restarting due to changes...[39m
[32m[nodemon] starting `node src/server.js`[39m
[31m[nodemon] app crashed - waiting for file changes before starting...[39m
[32m[nodemon] restarting due to changes...[39m
[32m[nodemon] starting `node src/server.js`[39m
[2026-04-27 23:31:58] [33mwarn[39m: Email transporter not ready: Invalid login: 535 Authentication failed: The provided authorization grant is invalid, expired, or revoked
[2026-04-27 23:31:58] [32minfo[39m: MongoDB connected: ac-kqnx0we-shard-00-01.jj9g0kc.mongodb.net
[2026-04-27 23:31:58] [33mwarn[39m: REDIS_URL not set - Redis disabled
[2026-04-27 23:31:58] [32minfo[39m: [nearExpiry] Job scheduled — daily at 08:00
[2026-04-27 23:31:58] [32minfo[39m: [reservationExpiry] Job scheduled — every 15 minutes
[2026-04-27 23:31:58] [32minfo[39m: Server running on port 5000 in development mode
[0;36mMongoose:[0m auditlogs.createIndex({ pharmacyId: [33m1[39m }, { background: [33mtrue[39m })
[0;36mMongoose:[0m batches.createIndex({ pharmacyId: [33m1[39m }, { background: [33mtrue[39m })
[0;36mMongoose:[0m suppliers.createIndex({ pharmacyId: [33m1[39m }, { background: [33mtrue[39m })
[0;36mMongoose:[0m sales.createIndex({ pharmacyId: [33m1[39m }, { background: [33mtrue[39m })
[0;36mMongoose:[0m reservations.createIndex({ pharmacyId: [33m1[39m }, { background: [33mtrue[39m })
[0;36mMongoose:[0m orders.createIndex({ pharmacyId: [33m1[39m }, { background: [33mtrue[39m })
[0;36mMongoose:[0m users.createIndex({ pharmacyId: [33m1[39m }, { background: [33mtrue[39m })
[0;36mMongoose:[0m deliveries.createIndex({ pharmacyId: [33m1[39m }, { background: [33mtrue[39m })
[0;36mMongoose:[0m medicines.createIndex({ pharmacyId: [33m1[39m }, { background: [33mtrue[39m })
[0;36mMongoose:[0m batches.createIndex({ pharmacyId: [33m1[39m, medicineId: [33m1[39m, batchNumber: [33m1[39m }, { unique: [33mtrue[39m, background: [33mtrue[39m })
[0;36mMongoose:[0m suppliers.createIndex({ pharmacyId: [33m1[39m, name: [33m1[39m }, { unique: [33mtrue[39m, background: [33mtrue[39m })
[0;36mMongoose:[0m sales.createIndex({ pharmacyId: [33m1[39m, cashierId: [33m1[39m }, { background: [33mtrue[39m })
[0;36mMongoose:[0m reservations.createIndex({ confirmationCode: [33m1[39m }, { unique: [33mtrue[39m, background: [33mtrue[39m })
[0;36mMongoose:[0m users.createIndex({ pharmacyId: [33m1[39m, email: [33m1[39m }, { unique: [33mtrue[39m, background: [33mtrue[39m })
[0;36mMongoose:[0m orders.createIndex({ pharmacyId: [33m1[39m, status: [33m1[39m }, { background: [33mtrue[39m })
[0;36mMongoose:[0m deliveries.createIndex({ pharmacyId: [33m1[39m, supplierId: [33m1[39m }, { background: [33mtrue[39m })
[0;36mMongoose:[0m medicines.createIndex({ pharmacyId: [33m1[39m, name: [33m1[39m }, { background: [33mtrue[39m })
[0;36mMongoose:[0m batches.createIndex({ pharmacyId: [33m1[39m, medicineId: [33m1[39m, expiryDate: [33m1[39m }, { background: [33mtrue[39m })
[0;36mMongoose:[0m suppliers.createIndex({ pharmacyId: [33m1[39m, type: [33m1[39m }, { background: [33mtrue[39m })
[0;36mMongoose:[0m sales.createIndex({ pharmacyId: [33m1[39m, createdAt: [33m-1[39m }, { background: [33mtrue[39m })
[0;36mMongoose:[0m reservations.createIndex({ pharmacyId: [33m1[39m, status: [33m1[39m }, { background: [33mtrue[39m })
[0;36mMongoose:[0m users.createIndex({ pharmacyId: [33m1[39m, role: [33m1[39m }, { background: [33mtrue[39m })
[0;36mMongoose:[0m parapharmacyproducts.createIndex({ pharmacyId: [33m1[39m }, { background: [33mtrue[39m })
[0;36mMongoose:[0m deliveries.createIndex({ pharmacyId: [33m1[39m, deliveryDate: [33m-1[39m }, { background: [33mtrue[39m })
[0;36mMongoose:[0m batches.createIndex({ pharmacyId: [33m1[39m, expiryDate: [33m1[39m, isActive: [33m1[39m }, { background: [33mtrue[39m })
[0;36mMongoose:[0m medicines.createIndex({ pharmacyId: [33m1[39m, isActive: [33m1[39m }, { background: [33mtrue[39m })
[0;36mMongoose:[0m suppliers.createIndex({ pharmacyId: [33m1[39m, isActive: [33m1[39m }, { background: [33mtrue[39m })
[0;36mMongoose:[0m auditlogs.createIndex({ pharmacyId: [33m1[39m, createdAt: [33m-1[39m }, { background: [33mtrue[39m })
[0;36mMongoose:[0m reservations.createIndex({ pharmacyId: [33m1[39m, expiresAt: [33m1[39m, status: [33m1[39m }, { background: [33mtrue[39m })
[0;36mMongoose:[0m parapharmacyproducts.createIndex({ pharmacyId: [33m1[39m, name: [33m1[39m }, { background: [33mtrue[39m })
[0;36mMongoose:[0m medicines.createIndex({ pharmacyId: [33m1[39m, category: [33m1[39m }, { background: [33mtrue[39m })
[0;36mMongoose:[0m batches.createIndex({ pharmacyId: [33m1[39m, remainingQty: [33m1[39m }, { background: [33mtrue[39m })
[0;36mMongoose:[0m auditlogs.createIndex({ pharmacyId: [33m1[39m, userId: [33m1[39m }, { background: [33mtrue[39m })
[0;36mMongoose:[0m reservations.createIndex({ pharmacyId: [33m1[39m, createdAt: [33m-1[39m }, { background: [33mtrue[39m })
[0;36mMongoose:[0m parapharmacyproducts.createIndex({ pharmacyId: [33m1[39m, isActive: [33m1[39m }, { background: [33mtrue[39m })
[0;36mMongoose:[0m medicines.createIndex({ name: [32m'text'[39m, genericName: [32m'text'[39m }, { weights: { name: [33m10[39m, genericName: [33m5[39m }, background: [33mtrue[39m })
[0;36mMongoose:[0m auditlogs.createIndex({ pharmacyId: [33m1[39m, action: [33m1[39m }, { background: [33mtrue[39m })
[0;36mMongoose:[0m parapharmacyproducts.createIndex({ pharmacyId: [33m1[39m, category: [33m1[39m }, { background: [33mtrue[39m })
[0;36mMongoose:[0m auditlogs.createIndex({ pharmacyId: [33m1[39m, entity: [33m1[39m }, { background: [33mtrue[39m })
[0;36mMongoose:[0m parapharmacyproducts.createIndex({ name: [32m'text'[39m, brand: [32m'text'[39m }, { weights: { name: [33m10[39m, brand: [33m5[39m }, background: [33mtrue[39m })
[0;36mMongoose:[0m auditlogs.createIndex({ createdAt: [33m1[39m }, { expireAfterSeconds: [33m157680000[39m, background: [33mtrue[39m })
[0;36mMongoose:[0m orders.createIndex({ pharmacyId: [33m1[39m, supplierId: [33m1[39m }, { background: [33mtrue[39m })
[0;36mMongoose:[0m sales.createIndex({ pharmacyId: [33m1[39m, approvalStatus: [33m1[39m }, { background: [33mtrue[39m })
[0;36mMongoose:[0m orders.createIndex({ pharmacyId: [33m1[39m, createdAt: [33m-1[39m }, { background: [33mtrue[39m })
[0;36mMongoose:[0m sales.createIndex({ [32m'invoice.receiptNumber'[39m: [33m1[39m }, { unique: [33mtrue[39m, background: [33mtrue[39m })
[32m[nodemon] restarting due to changes...[39m
[32m[nodemon] starting `node src/server.js`[39m
[31m[nodemon] app crashed - waiting for file changes before starting...[39m
[32m[nodemon] restarting due to changes...[39m
[32m[nodemon] starting `node src/server.js`[39m
[2026-04-27 23:32:16] [33mwarn[39m: Email transporter not ready: Invalid login: 535 Authentication failed: The provided authorization grant is invalid, expired, or revoked
[2026-04-27 23:32:17] [32minfo[39m: MongoDB connected: ac-kqnx0we-shard-00-00.jj9g0kc.mongodb.net
[2026-04-27 23:32:17] [33mwarn[39m: REDIS_URL not set - Redis disabled
[2026-04-27 23:32:17] [32minfo[39m: [nearExpiry] Job scheduled — daily at 08:00
[2026-04-27 23:32:17] [32minfo[39m: [reservationExpiry] Job scheduled — every 15 minutes
[2026-04-27 23:32:17] [32minfo[39m: Server running on port 5000 in development mode
[0;36mMongoose:[0m auditlogs.createIndex({ pharmacyId: [33m1[39m }, { background: [33mtrue[39m })
[0;36mMongoose:[0m batches.createIndex({ pharmacyId: [33m1[39m }, { background: [33mtrue[39m })
[0;36mMongoose:[0m suppliers.createIndex({ pharmacyId: [33m1[39m }, { background: [33mtrue[39m })
[0;36mMongoose:[0m sales.createIndex({ pharmacyId: [33m1[39m }, { background: [33mtrue[39m })
[0;36mMongoose:[0m reservations.createIndex({ pharmacyId: [33m1[39m }, { background: [33mtrue[39m })
[0;36mMongoose:[0m orders.createIndex({ pharmacyId: [33m1[39m }, { background: [33mtrue[39m })
[0;36mMongoose:[0m users.createIndex({ pharmacyId: [33m1[39m }, { background: [33mtrue[39m })
[0;36mMongoose:[0m deliveries.createIndex({ pharmacyId: [33m1[39m }, { background: [33mtrue[39m })
[0;36mMongoose:[0m auditlogs.createIndex({ pharmacyId: [33m1[39m, createdAt: [33m-1[39m }, { background: [33mtrue[39m })
[0;36mMongoose:[0m medicines.createIndex({ pharmacyId: [33m1[39m }, { background: [33mtrue[39m })
[0;36mMongoose:[0m suppliers.createIndex({ pharmacyId: [33m1[39m, name: [33m1[39m }, { unique: [33mtrue[39m, background: [33mtrue[39m })
[0;36mMongoose:[0m sales.createIndex({ pharmacyId: [33m1[39m, cashierId: [33m1[39m }, { background: [33mtrue[39m })
[0;36mMongoose:[0m orders.createIndex({ pharmacyId: [33m1[39m, status: [33m1[39m }, { background: [33mtrue[39m })
[0;36mMongoose:[0m reservations.createIndex({ confirmationCode: [33m1[39m }, { unique: [33mtrue[39m, background: [33mtrue[39m })
[0;36mMongoose:[0m users.createIndex({ pharmacyId: [33m1[39m, email: [33m1[39m }, { unique: [33mtrue[39m, background: [33mtrue[39m })
[0;36mMongoose:[0m deliveries.createIndex({ pharmacyId: [33m1[39m, supplierId: [33m1[39m }, { background: [33mtrue[39m })
[0;36mMongoose:[0m auditlogs.createIndex({ pharmacyId: [33m1[39m, userId: [33m1[39m }, { background: [33mtrue[39m })
[0;36mMongoose:[0m medicines.createIndex({ pharmacyId: [33m1[39m, name: [33m1[39m }, { background: [33mtrue[39m })
[0;36mMongoose:[0m suppliers.createIndex({ pharmacyId: [33m1[39m, type: [33m1[39m }, { background: [33mtrue[39m })
[0;36mMongoose:[0m sales.createIndex({ pharmacyId: [33m1[39m, createdAt: [33m-1[39m }, { background: [33mtrue[39m })
[0;36mMongoose:[0m orders.createIndex({ pharmacyId: [33m1[39m, supplierId: [33m1[39m }, { background: [33mtrue[39m })
[0;36mMongoose:[0m reservations.createIndex({ pharmacyId: [33m1[39m, status: [33m1[39m }, { background: [33mtrue[39m })
[0;36mMongoose:[0m users.createIndex({ pharmacyId: [33m1[39m, role: [33m1[39m }, { background: [33mtrue[39m })
[0;36mMongoose:[0m parapharmacyproducts.createIndex({ pharmacyId: [33m1[39m }, { background: [33mtrue[39m })
[0;36mMongoose:[0m auditlogs.createIndex({ pharmacyId: [33m1[39m, action: [33m1[39m }, { background: [33mtrue[39m })
[0;36mMongoose:[0m medicines.createIndex({ pharmacyId: [33m1[39m, isActive: [33m1[39m }, { background: [33mtrue[39m })
[0;36mMongoose:[0m suppliers.createIndex({ pharmacyId: [33m1[39m, isActive: [33m1[39m }, { background: [33mtrue[39m })
[0;36mMongoose:[0m sales.createIndex({ pharmacyId: [33m1[39m, approvalStatus: [33m1[39m }, { background: [33mtrue[39m })
[0;36mMongoose:[0m batches.createIndex({ pharmacyId: [33m1[39m, medicineId: [33m1[39m, batchNumber: [33m1[39m }, { unique: [33mtrue[39m, background: [33mtrue[39m })
[0;36mMongoose:[0m reservations.createIndex({ pharmacyId: [33m1[39m, expiresAt: [33m1[39m, status: [33m1[39m }, { background: [33mtrue[39m })
[0;36mMongoose:[0m parapharmacyproducts.createIndex({ pharmacyId: [33m1[39m, name: [33m1[39m }, { background: [33mtrue[39m })
[0;36mMongoose:[0m auditlogs.createIndex({ pharmacyId: [33m1[39m, entity: [33m1[39m }, { background: [33mtrue[39m })
[0;36mMongoose:[0m medicines.createIndex({ pharmacyId: [33m1[39m, category: [33m1[39m }, { background: [33mtrue[39m })
[0;36mMongoose:[0m sales.createIndex({ [32m'invoice.receiptNumber'[39m: [33m1[39m }, { unique: [33mtrue[39m, background: [33mtrue[39m })
[0;36mMongoose:[0m batches.createIndex({ pharmacyId: [33m1[39m, medicineId: [33m1[39m, expiryDate: [33m1[39m }, { background: [33mtrue[39m })
[0;36mMongoose:[0m reservations.createIndex({ pharmacyId: [33m1[39m, createdAt: [33m-1[39m }, { background: [33mtrue[39m })
[0;36mMongoose:[0m parapharmacyproducts.createIndex({ pharmacyId: [33m1[39m, isActive: [33m1[39m }, { background: [33mtrue[39m })
[0;36mMongoose:[0m auditlogs.createIndex({ createdAt: [33m1[39m }, { expireAfterSeconds: [33m157680000[39m, background: [33mtrue[39m })
[0;36mMongoose:[0m medicines.createIndex({ name: [32m'text'[39m, genericName: [32m'text'[39m }, { weights: { name: [33m10[39m, genericName: [33m5[39m }, background: [33mtrue[39m })
[0;36mMongoose:[0m batches.createIndex({ pharmacyId: [33m1[39m, expiryDate: [33m1[39m, isActive: [33m1[39m }, { background: [33mtrue[39m })
[0;36mMongoose:[0m parapharmacyproducts.createIndex({ pharmacyId: [33m1[39m, category: [33m1[39m }, { background: [33mtrue[39m })
[0;36mMongoose:[0m batches.createIndex({ pharmacyId: [33m1[39m, remainingQty: [33m1[39m }, { background: [33mtrue[39m })
[0;36mMongoose:[0m parapharmacyproducts.createIndex({ name: [32m'text'[39m, brand: [32m'text'[39m }, { weights: { name: [33m10[39m, brand: [33m5[39m }, background: [33mtrue[39m })
[0;36mMongoose:[0m deliveries.createIndex({ pharmacyId: [33m1[39m, deliveryDate: [33m-1[39m }, { background: [33mtrue[39m })
[0;36mMongoose:[0m orders.createIndex({ pharmacyId: [33m1[39m, createdAt: [33m-1[39m }, { background: [33mtrue[39m })
[32m[nodemon] restarting due to changes...[39m
[32m[nodemon] starting `node src/server.js`[39m
[31m[nodemon] app crashed - waiting for file changes before starting...[39m
[32m[nodemon] restarting due to changes...[39m
[32m[nodemon] starting `node src/server.js`[39m
[2026-04-27 23:32:35] [33mwarn[39m: Email transporter not ready: Invalid login: 535 Authentication failed: The provided authorization grant is invalid, expired, or revoked
[2026-04-27 23:32:35] [32minfo[39m: MongoDB connected: ac-kqnx0we-shard-00-01.jj9g0kc.mongodb.net
[2026-04-27 23:32:35] [33mwarn[39m: REDIS_URL not set - Redis disabled
[2026-04-27 23:32:35] [32minfo[39m: [nearExpiry] Job scheduled — daily at 08:00
[2026-04-27 23:32:35] [32minfo[39m: [reservationExpiry] Job scheduled — every 15 minutes
[2026-04-27 23:32:35] [31merror[39m: Uncaught Exception: listen EADDRINUSE: address already in use :::5000
[31m[nodemon] app crashed - waiting for file changes before starting...[39m
[32m[nodemon] restarting due to changes...[39m
[32m[nodemon] starting `node src/server.js`[39m
[31m[nodemon] app crashed - waiting for file changes before starting...[39m
[32m[nodemon] restarting due to changes...[39m
[32m[nodemon] starting `node src/server.js`[39m
[2026-04-27 23:32:53] [33mwarn[39m: Email transporter not ready: Invalid login: 535 Authentication failed: The provided authorization grant is invalid, expired, or revoked
[2026-04-27 23:32:53] [32minfo[39m: MongoDB connected: ac-kqnx0we-shard-00-00.jj9g0kc.mongodb.net
[2026-04-27 23:32:53] [33mwarn[39m: REDIS_URL not set - Redis disabled
[2026-04-27 23:32:53] [32minfo[39m: [nearExpiry] Job scheduled — daily at 08:00
[2026-04-27 23:32:53] [32minfo[39m: [reservationExpiry] Job scheduled — every 15 minutes
[2026-04-27 23:32:53] [32minfo[39m: Server running on port 5000 in development mode
[0;36mMongoose:[0m auditlogs.createIndex({ pharmacyId: [33m1[39m }, { background: [33mtrue[39m })
[0;36mMongoose:[0m batches.createIndex({ pharmacyId: [33m1[39m }, { background: [33mtrue[39m })
[0;36mMongoose:[0m suppliers.createIndex({ pharmacyId: [33m1[39m }, { background: [33mtrue[39m })
[0;36mMongoose:[0m sales.createIndex({ pharmacyId: [33m1[39m }, { background: [33mtrue[39m })
[0;36mMongoose:[0m reservations.createIndex({ pharmacyId: [33m1[39m }, { background: [33mtrue[39m })
[0;36mMongoose:[0m orders.createIndex({ pharmacyId: [33m1[39m }, { background: [33mtrue[39m })
[0;36mMongoose:[0m users.createIndex({ pharmacyId: [33m1[39m }, { background: [33mtrue[39m })
[0;36mMongoose:[0m medicines.createIndex({ pharmacyId: [33m1[39m }, { background: [33mtrue[39m })
[0;36mMongoose:[0m auditlogs.createIndex({ pharmacyId: [33m1[39m, createdAt: [33m-1[39m }, { background: [33mtrue[39m })
[0;36mMongoose:[0m batches.createIndex({ pharmacyId: [33m1[39m, medicineId: [33m1[39m, batchNumber: [33m1[39m }, { unique: [33mtrue[39m, background: [33mtrue[39m })
[0;36mMongoose:[0m suppliers.createIndex({ pharmacyId: [33m1[39m, name: [33m1[39m }, { unique: [33mtrue[39m, background: [33mtrue[39m })
[0;36mMongoose:[0m sales.createIndex({ pharmacyId: [33m1[39m, cashierId: [33m1[39m }, { background: [33mtrue[39m })
[0;36mMongoose:[0m reservations.createIndex({ confirmationCode: [33m1[39m }, { unique: [33mtrue[39m, background: [33mtrue[39m })
[0;36mMongoose:[0m orders.createIndex({ pharmacyId: [33m1[39m, status: [33m1[39m }, { background: [33mtrue[39m })
[0;36mMongoose:[0m medicines.createIndex({ pharmacyId: [33m1[39m, name: [33m1[39m }, { background: [33mtrue[39m })
[0;36mMongoose:[0m users.createIndex({ pharmacyId: [33m1[39m, email: [33m1[39m }, { unique: [33mtrue[39m, background: [33mtrue[39m })
[0;36mMongoose:[0m auditlogs.createIndex({ pharmacyId: [33m1[39m, userId: [33m1[39m }, { background: [33mtrue[39m })
[0;36mMongoose:[0m batches.createIndex({ pharmacyId: [33m1[39m, medicineId: [33m1[39m, expiryDate: [33m1[39m }, { background: [33mtrue[39m })
[0;36mMongoose:[0m suppliers.createIndex({ pharmacyId: [33m1[39m, type: [33m1[39m }, { background: [33mtrue[39m })
[0;36mMongoose:[0m reservations.createIndex({ pharmacyId: [33m1[39m, status: [33m1[39m }, { background: [33mtrue[39m })
[0;36mMongoose:[0m sales.createIndex({ pharmacyId: [33m1[39m, createdAt: [33m-1[39m }, { background: [33mtrue[39m })
[0;36mMongoose:[0m orders.createIndex({ pharmacyId: [33m1[39m, supplierId: [33m1[39m }, { background: [33mtrue[39m })
[0;36mMongoose:[0m parapharmacyproducts.createIndex({ pharmacyId: [33m1[39m }, { background: [33mtrue[39m })
[0;36mMongoose:[0m users.createIndex({ pharmacyId: [33m1[39m, role: [33m1[39m }, { background: [33mtrue[39m })
[0;36mMongoose:[0m auditlogs.createIndex({ pharmacyId: [33m1[39m, action: [33m1[39m }, { background: [33mtrue[39m })
[0;36mMongoose:[0m batches.createIndex({ pharmacyId: [33m1[39m, expiryDate: [33m1[39m, isActive: [33m1[39m }, { background: [33mtrue[39m })
[0;36mMongoose:[0m deliveries.createIndex({ pharmacyId: [33m1[39m }, { background: [33mtrue[39m })
[0;36mMongoose:[0m suppliers.createIndex({ pharmacyId: [33m1[39m, isActive: [33m1[39m }, { background: [33mtrue[39m })
[0;36mMongoose:[0m sales.createIndex({ pharmacyId: [33m1[39m, approvalStatus: [33m1[39m }, { background: [33mtrue[39m })
[0;36mMongoose:[0m orders.createIndex({ pharmacyId: [33m1[39m, createdAt: [33m-1[39m }, { background: [33mtrue[39m })
[0;36mMongoose:[0m parapharmacyproducts.createIndex({ pharmacyId: [33m1[39m, name: [33m1[39m }, { background: [33mtrue[39m })
[0;36mMongoose:[0m batches.createIndex({ pharmacyId: [33m1[39m, remainingQty: [33m1[39m }, { background: [33mtrue[39m })
[0;36mMongoose:[0m deliveries.createIndex({ pharmacyId: [33m1[39m, supplierId: [33m1[39m }, { background: [33mtrue[39m })
[0;36mMongoose:[0m auditlogs.createIndex({ pharmacyId: [33m1[39m, entity: [33m1[39m }, { background: [33mtrue[39m })
[0;36mMongoose:[0m sales.createIndex({ [32m'invoice.receiptNumber'[39m: [33m1[39m }, { unique: [33mtrue[39m, background: [33mtrue[39m })
[0;36mMongoose:[0m parapharmacyproducts.createIndex({ pharmacyId: [33m1[39m, isActive: [33m1[39m }, { background: [33mtrue[39m })
[0;36mMongoose:[0m deliveries.createIndex({ pharmacyId: [33m1[39m, deliveryDate: [33m-1[39m }, { background: [33mtrue[39m })
[0;36mMongoose:[0m auditlogs.createIndex({ createdAt: [33m1[39m }, { expireAfterSeconds: [33m157680000[39m, background: [33mtrue[39m })
[0;36mMongoose:[0m parapharmacyproducts.createIndex({ pharmacyId: [33m1[39m, category: [33m1[39m }, { background: [33mtrue[39m })
[0;36mMongoose:[0m parapharmacyproducts.createIndex({ name: [32m'text'[39m, brand: [32m'text'[39m }, { weights: { name: [33m10[39m, brand: [33m5[39m }, background: [33mtrue[39m })
[0;36mMongoose:[0m medicines.createIndex({ pharmacyId: [33m1[39m, isActive: [33m1[39m }, { background: [33mtrue[39m })
[0;36mMongoose:[0m reservations.createIndex({ pharmacyId: [33m1[39m, expiresAt: [33m1[39m, status: [33m1[39m }, { background: [33mtrue[39m })
[0;36mMongoose:[0m medicines.createIndex({ pharmacyId: [33m1[39m, category: [33m1[39m }, { background: [33mtrue[39m })
[0;36mMongoose:[0m medicines.createIndex({ name: [32m'text'[39m, genericName: [32m'text'[39m }, { weights: { name: [33m10[39m, genericName: [33m5[39m }, background: [33mtrue[39m })
[0;36mMongoose:[0m reservations.createIndex({ pharmacyId: [33m1[39m, createdAt: [33m-1[39m }, { background: [33mtrue[39m })
[32m[nodemon] restarting due to changes...[39m
[32m[nodemon] starting `node src/server.js`[39m
[31m[nodemon] app crashed - waiting for file changes before starting...[39m
[32m[nodemon] restarting due to changes...[39m
[32m[nodemon] starting `node src/server.js`[39m
[2026-04-27 23:33:13] [33mwarn[39m: Email transporter not ready: Invalid login: 535 Authentication failed: The provided authorization grant is invalid, expired, or revoked
[2026-04-27 23:33:13] [32minfo[39m: MongoDB connected: ac-kqnx0we-shard-00-02.jj9g0kc.mongodb.net
[2026-04-27 23:33:13] [33mwarn[39m: REDIS_URL not set - Redis disabled
[2026-04-27 23:33:13] [32minfo[39m: [nearExpiry] Job scheduled — daily at 08:00
[2026-04-27 23:33:13] [32minfo[39m: [reservationExpiry] Job scheduled — every 15 minutes
[2026-04-27 23:33:13] [32minfo[39m: Server running on port 5000 in development mode
[0;36mMongoose:[0m auditlogs.createIndex({ pharmacyId: [33m1[39m }, { background: [33mtrue[39m })
[0;36mMongoose:[0m batches.createIndex({ pharmacyId: [33m1[39m }, { background: [33mtrue[39m })
[0;36mMongoose:[0m suppliers.createIndex({ pharmacyId: [33m1[39m }, { background: [33mtrue[39m })
[0;36mMongoose:[0m sales.createIndex({ pharmacyId: [33m1[39m }, { background: [33mtrue[39m })
[0;36mMongoose:[0m reservations.createIndex({ pharmacyId: [33m1[39m }, { background: [33mtrue[39m })
[0;36mMongoose:[0m orders.createIndex({ pharmacyId: [33m1[39m }, { background: [33mtrue[39m })
[0;36mMongoose:[0m medicines.createIndex({ pharmacyId: [33m1[39m }, { background: [33mtrue[39m })
[0;36mMongoose:[0m deliveries.createIndex({ pharmacyId: [33m1[39m }, { background: [33mtrue[39m })
[0;36mMongoose:[0m users.createIndex({ pharmacyId: [33m1[39m }, { background: [33mtrue[39m })
[0;36mMongoose:[0m auditlogs.createIndex({ pharmacyId: [33m1[39m, createdAt: [33m-1[39m }, { background: [33mtrue[39m })
[0;36mMongoose:[0m suppliers.createIndex({ pharmacyId: [33m1[39m, name: [33m1[39m }, { unique: [33mtrue[39m, background: [33mtrue[39m })
[0;36mMongoose:[0m sales.createIndex({ pharmacyId: [33m1[39m, cashierId: [33m1[39m }, { background: [33mtrue[39m })
[0;36mMongoose:[0m reservations.createIndex({ confirmationCode: [33m1[39m }, { unique: [33mtrue[39m, background: [33mtrue[39m })
[0;36mMongoose:[0m orders.createIndex({ pharmacyId: [33m1[39m, status: [33m1[39m }, { background: [33mtrue[39m })
[0;36mMongoose:[0m deliveries.createIndex({ pharmacyId: [33m1[39m, supplierId: [33m1[39m }, { background: [33mtrue[39m })
[0;36mMongoose:[0m medicines.createIndex({ pharmacyId: [33m1[39m, name: [33m1[39m }, { background: [33mtrue[39m })
[0;36mMongoose:[0m auditlogs.createIndex({ pharmacyId: [33m1[39m, userId: [33m1[39m }, { background: [33mtrue[39m })
[0;36mMongoose:[0m users.createIndex({ pharmacyId: [33m1[39m, email: [33m1[39m }, { unique: [33mtrue[39m, background: [33mtrue[39m })
[0;36mMongoose:[0m suppliers.createIndex({ pharmacyId: [33m1[39m, type: [33m1[39m }, { background: [33mtrue[39m })
[0;36mMongoose:[0m sales.createIndex({ pharmacyId: [33m1[39m, createdAt: [33m-1[39m }, { background: [33mtrue[39m })
[0;36mMongoose:[0m reservations.createIndex({ pharmacyId: [33m1[39m, status: [33m1[39m }, { background: [33mtrue[39m })
[0;36mMongoose:[0m orders.createIndex({ pharmacyId: [33m1[39m, supplierId: [33m1[39m }, { background: [33mtrue[39m })
[0;36mMongoose:[0m parapharmacyproducts.createIndex({ pharmacyId: [33m1[39m }, { background: [33mtrue[39m })
[0;36mMongoose:[0m auditlogs.createIndex({ pharmacyId: [33m1[39m, action: [33m1[39m }, { background: [33mtrue[39m })
[0;36mMongoose:[0m medicines.createIndex({ pharmacyId: [33m1[39m, isActive: [33m1[39m }, { background: [33mtrue[39m })
[0;36mMongoose:[0m users.createIndex({ pharmacyId: [33m1[39m, role: [33m1[39m }, { background: [33mtrue[39m })
[0;36mMongoose:[0m batches.createIndex({ pharmacyId: [33m1[39m, medicineId: [33m1[39m, batchNumber: [33m1[39m }, { unique: [33mtrue[39m, background: [33mtrue[39m })
[0;36mMongoose:[0m reservations.createIndex({ pharmacyId: [33m1[39m, expiresAt: [33m1[39m, status: [33m1[39m }, { background: [33mtrue[39m })
[0;36mMongoose:[0m parapharmacyproducts.createIndex({ pharmacyId: [33m1[39m, name: [33m1[39m }, { background: [33mtrue[39m })
[0;36mMongoose:[0m sales.createIndex({ pharmacyId: [33m1[39m, approvalStatus: [33m1[39m }, { background: [33mtrue[39m })
[0;36mMongoose:[0m orders.createIndex({ pharmacyId: [33m1[39m, createdAt: [33m-1[39m }, { background: [33mtrue[39m })
[0;36mMongoose:[0m auditlogs.createIndex({ pharmacyId: [33m1[39m, entity: [33m1[39m }, { background: [33mtrue[39m })
[0;36mMongoose:[0m medicines.createIndex({ pharmacyId: [33m1[39m, category: [33m1[39m }, { background: [33mtrue[39m })
[0;36mMongoose:[0m batches.createIndex({ pharmacyId: [33m1[39m, medicineId: [33m1[39m, expiryDate: [33m1[39m }, { background: [33mtrue[39m })
[0;36mMongoose:[0m reservations.createIndex({ pharmacyId: [33m1[39m, createdAt: [33m-1[39m }, { background: [33mtrue[39m })
[0;36mMongoose:[0m parapharmacyproducts.createIndex({ pharmacyId: [33m1[39m, isActive: [33m1[39m }, { background: [33mtrue[39m })
[0;36mMongoose:[0m sales.createIndex({ [32m'invoice.receiptNumber'[39m: [33m1[39m }, { unique: [33mtrue[39m, background: [33mtrue[39m })
[0;36mMongoose:[0m auditlogs.createIndex({ createdAt: [33m1[39m }, { expireAfterSeconds: [33m157680000[39m, background: [33mtrue[39m })
[0;36mMongoose:[0m medicines.createIndex({ name: [32m'text'[39m, genericName: [32m'text'[39m }, { weights: { name: [33m10[39m, genericName: [33m5[39m }, background: [33mtrue[39m })
[0;36mMongoose:[0m batches.createIndex({ pharmacyId: [33m1[39m, expiryDate: [33m1[39m, isActive: [33m1[39m }, { background: [33mtrue[39m })
[0;36mMongoose:[0m parapharmacyproducts.createIndex({ pharmacyId: [33m1[39m, category: [33m1[39m }, { background: [33mtrue[39m })
[0;36mMongoose:[0m deliveries.createIndex({ pharmacyId: [33m1[39m, deliveryDate: [33m-1[39m }, { background: [33mtrue[39m })
[0;36mMongoose:[0m parapharmacyproducts.createIndex({ name: [32m'text'[39m, brand: [32m'text'[39m }, { weights: { name: [33m10[39m, brand: [33m5[39m }, background: [33mtrue[39m })
[0;36mMongoose:[0m suppliers.createIndex({ pharmacyId: [33m1[39m, isActive: [33m1[39m }, { background: [33mtrue[39m })
[0;36mMongoose:[0m batches.createIndex({ pharmacyId: [33m1[39m, remainingQty: [33m1[39m }, { background: [33mtrue[39m })
[32m[nodemon] restarting due to changes...[39m
[32m[nodemon] starting `node src/server.js`[39m
[31m[nodemon] app crashed - waiting for file changes before starting...[39m
[32m[nodemon] restarting due to changes...[39m
[32m[nodemon] starting `node src/server.js`[39m
[2026-04-27 23:33:33] [33mwarn[39m: Email transporter not ready: Invalid login: 535 Authentication failed: The provided authorization grant is invalid, expired, or revoked
[2026-04-27 23:33:34] [32minfo[39m: MongoDB connected: ac-kqnx0we-shard-00-00.jj9g0kc.mongodb.net
[2026-04-27 23:33:34] [33mwarn[39m: REDIS_URL not set - Redis disabled
[2026-04-27 23:33:34] [32minfo[39m: [nearExpiry] Job scheduled — daily at 08:00
[2026-04-27 23:33:34] [32minfo[39m: [reservationExpiry] Job scheduled — every 15 minutes
[2026-04-27 23:33:34] [32minfo[39m: Server running on port 5000 in development mode
[0;36mMongoose:[0m auditlogs.createIndex({ pharmacyId: [33m1[39m }, { background: [33mtrue[39m })
[0;36mMongoose:[0m batches.createIndex({ pharmacyId: [33m1[39m }, { background: [33mtrue[39m })
[0;36mMongoose:[0m suppliers.createIndex({ pharmacyId: [33m1[39m }, { background: [33mtrue[39m })
[0;36mMongoose:[0m sales.createIndex({ pharmacyId: [33m1[39m }, { background: [33mtrue[39m })
[0;36mMongoose:[0m reservations.createIndex({ pharmacyId: [33m1[39m }, { background: [33mtrue[39m })
[0;36mMongoose:[0m orders.createIndex({ pharmacyId: [33m1[39m }, { background: [33mtrue[39m })
[0;36mMongoose:[0m medicines.createIndex({ pharmacyId: [33m1[39m }, { background: [33mtrue[39m })
[0;36mMongoose:[0m deliveries.createIndex({ pharmacyId: [33m1[39m }, { background: [33mtrue[39m })
[0;36mMongoose:[0m aiconsultations.createIndex({ pharmacyId: [33m1[39m }, { background: [33mtrue[39m })
[0;36mMongoose:[0m users.createIndex({ pharmacyId: [33m1[39m }, { background: [33mtrue[39m })
[0;36mMongoose:[0m batches.createIndex({ pharmacyId: [33m1[39m, medicineId: [33m1[39m, batchNumber: [33m1[39m }, { unique: [33mtrue[39m, background: [33mtrue[39m })
[0;36mMongoose:[0m suppliers.createIndex({ pharmacyId: [33m1[39m, name: [33m1[39m }, { unique: [33mtrue[39m, background: [33mtrue[39m })
[0;36mMongoose:[0m sales.createIndex({ pharmacyId: [33m1[39m, cashierId: [33m1[39m }, { background: [33mtrue[39m })
[0;36mMongoose:[0m reservations.createIndex({ confirmationCode: [33m1[39m }, { unique: [33mtrue[39m, background: [33mtrue[39m })
[0;36mMongoose:[0m orders.createIndex({ pharmacyId: [33m1[39m, status: [33m1[39m }, { background: [33mtrue[39m })
[0;36mMongoose:[0m medicines.createIndex({ pharmacyId: [33m1[39m, name: [33m1[39m }, { background: [33mtrue[39m })
[0;36mMongoose:[0m deliveries.createIndex({ pharmacyId: [33m1[39m, supplierId: [33m1[39m }, { background: [33mtrue[39m })
[0;36mMongoose:[0m aiconsultations.createIndex({ pharmacyId: [33m1[39m, staffId: [33m1[39m, createdAt: [33m-1[39m }, { background: [33mtrue[39m })
[0;36mMongoose:[0m users.createIndex({ pharmacyId: [33m1[39m, email: [33m1[39m }, { unique: [33mtrue[39m, background: [33mtrue[39m })
[0;36mMongoose:[0m batches.createIndex({ pharmacyId: [33m1[39m, medicineId: [33m1[39m, expiryDate: [33m1[39m }, { background: [33mtrue[39m })
[0;36mMongoose:[0m suppliers.createIndex({ pharmacyId: [33m1[39m, type: [33m1[39m }, { background: [33mtrue[39m })
[0;36mMongoose:[0m sales.createIndex({ pharmacyId: [33m1[39m, createdAt: [33m-1[39m }, { background: [33mtrue[39m })
[0;36mMongoose:[0m reservations.createIndex({ pharmacyId: [33m1[39m, status: [33m1[39m }, { background: [33mtrue[39m })
[0;36mMongoose:[0m parapharmacyproducts.createIndex({ pharmacyId: [33m1[39m }, { background: [33mtrue[39m })
[0;36mMongoose:[0m medicines.createIndex({ pharmacyId: [33m1[39m, isActive: [33m1[39m }, { background: [33mtrue[39m })
[0;36mMongoose:[0m deliveries.createIndex({ pharmacyId: [33m1[39m, deliveryDate: [33m-1[39m }, { background: [33mtrue[39m })
[0;36mMongoose:[0m auditlogs.createIndex({ pharmacyId: [33m1[39m, createdAt: [33m-1[39m }, { background: [33mtrue[39m })
[0;36mMongoose:[0m batches.createIndex({ pharmacyId: [33m1[39m, expiryDate: [33m1[39m, isActive: [33m1[39m }, { background: [33mtrue[39m })
[0;36mMongoose:[0m suppliers.createIndex({ pharmacyId: [33m1[39m, isActive: [33m1[39m }, { background: [33mtrue[39m })
[0;36mMongoose:[0m sales.createIndex({ pharmacyId: [33m1[39m, approvalStatus: [33m1[39m }, { background: [33mtrue[39m })
[0;36mMongoose:[0m reservations.createIndex({ pharmacyId: [33m1[39m, expiresAt: [33m1[39m, status: [33m1[39m }, { background: [33mtrue[39m })
[0;36mMongoose:[0m parapharmacyproducts.createIndex({ pharmacyId: [33m1[39m, name: [33m1[39m }, { background: [33mtrue[39m })
[0;36mMongoose:[0m medicines.createIndex({ pharmacyId: [33m1[39m, category: [33m1[39m }, { background: [33mtrue[39m })
[0;36mMongoose:[0m auditlogs.createIndex({ pharmacyId: [33m1[39m, userId: [33m1[39m }, { background: [33mtrue[39m })
[0;36mMongoose:[0m batches.createIndex({ pharmacyId: [33m1[39m, remainingQty: [33m1[39m }, { background: [33mtrue[39m })
[0;36mMongoose:[0m sales.createIndex({ [32m'invoice.receiptNumber'[39m: [33m1[39m }, { unique: [33mtrue[39m, background: [33mtrue[39m })
[0;36mMongoose:[0m reservations.createIndex({ pharmacyId: [33m1[39m, createdAt: [33m-1[39m }, { background: [33mtrue[39m })
[0;36mMongoose:[0m parapharmacyproducts.createIndex({ pharmacyId: [33m1[39m, isActive: [33m1[39m }, { background: [33mtrue[39m })
[0;36mMongoose:[0m medicines.createIndex({ name: [32m'text'[39m, genericName: [32m'text'[39m }, { weights: { name: [33m10[39m, genericName: [33m5[39m }, background: [33mtrue[39m })
[0;36mMongoose:[0m auditlogs.createIndex({ pharmacyId: [33m1[39m, action: [33m1[39m }, { background: [33mtrue[39m })
[0;36mMongoose:[0m parapharmacyproducts.createIndex({ pharmacyId: [33m1[39m, category: [33m1[39m }, { background: [33mtrue[39m })
[0;36mMongoose:[0m auditlogs.createIndex({ pharmacyId: [33m1[39m, entity: [33m1[39m }, { background: [33mtrue[39m })
[0;36mMongoose:[0m orders.createIndex({ pharmacyId: [33m1[39m, supplierId: [33m1[39m }, { background: [33mtrue[39m })
[0;36mMongoose:[0m parapharmacyproducts.createIndex({ name: [32m'text'[39m, brand: [32m'text'[39m }, { weights: { name: [33m10[39m, brand: [33m5[39m }, background: [33mtrue[39m })
[0;36mMongoose:[0m auditlogs.createIndex({ createdAt: [33m1[39m }, { expireAfterSeconds: [33m157680000[39m, background: [33mtrue[39m })
[0;36mMongoose:[0m users.createIndex({ pharmacyId: [33m1[39m, role: [33m1[39m }, { background: [33mtrue[39m })
[0;36mMongoose:[0m orders.createIndex({ pharmacyId: [33m1[39m, createdAt: [33m-1[39m }, { background: [33mtrue[39m })
[32m[nodemon] restarting due to changes...[39m
[32m[nodemon] starting `node src/server.js`[39m
[2026-04-27 23:33:46] [33mwarn[39m: Email transporter not ready: Invalid login: 535 Authentication failed: The provided authorization grant is invalid, expired, or revoked
[2026-04-27 23:33:46] [32minfo[39m: MongoDB connected: ac-kqnx0we-shard-00-01.jj9g0kc.mongodb.net
[2026-04-27 23:33:46] [33mwarn[39m: REDIS_URL not set - Redis disabled
[2026-04-27 23:33:46] [32minfo[39m: [nearExpiry] Job scheduled — daily at 08:00
[2026-04-27 23:33:46] [32minfo[39m: [reservationExpiry] Job scheduled — every 15 minutes
[2026-04-27 23:33:46] [31merror[39m: Uncaught Exception: listen EADDRINUSE: address already in use :::5000
[31m[nodemon] app crashed - waiting for file changes before starting...[39m
[32m[nodemon] restarting due to changes...[39m
[32m[nodemon] starting `node src/server.js`[39m
[2026-04-27 23:46:24] [33mwarn[39m: Email transporter not ready: Invalid login: 535 Authentication failed: The provided authorization grant is invalid, expired, or revoked
[2026-04-27 23:46:25] [32minfo[39m: MongoDB connected: ac-kqnx0we-shard-00-00.jj9g0kc.mongodb.net
[2026-04-27 23:46:25] [33mwarn[39m: REDIS_URL not set - Redis disabled
[2026-04-27 23:46:25] [32minfo[39m: [nearExpiry] Job scheduled — daily at 08:00
[2026-04-27 23:46:25] [32minfo[39m: [reservationExpiry] Job scheduled — every 15 minutes
[2026-04-27 23:46:25] [31merror[39m: Uncaught Exception: listen EADDRINUSE: address already in use :::5000
[31m[nodemon] app crashed - waiting for file changes before starting...[39m
[32m[nodemon] restarting due to changes...[39m
[32m[nodemon] starting `node src/server.js`[39m
[2026-04-27 23:46:37] [33mwarn[39m: Email transporter not ready: Invalid login: 535 Authentication failed: The provided authorization grant is invalid, expired, or revoked
[2026-04-27 23:46:38] [32minfo[39m: MongoDB connected: ac-kqnx0we-shard-00-02.jj9g0kc.mongodb.net
[2026-04-27 23:46:38] [33mwarn[39m: REDIS_URL not set - Redis disabled
[2026-04-27 23:46:38] [32minfo[39m: [nearExpiry] Job scheduled — daily at 08:00
[2026-04-27 23:46:38] [32minfo[39m: [reservationExpiry] Job scheduled — every 15 minutes
[2026-04-27 23:46:38] [31merror[39m: Uncaught Exception: listen EADDRINUSE: address already in use :::5000
[31m[nodemon] app crashed - waiting for file changes before starting...[39m
